{
"type": "FeatureCollection",
"name": "corridor_points_typed",
"crs": { "type": "name", "properties": { "name": "urn:ogc:def:crs:OGC:1.3:CRS84" } },
"features": [
{ "type": "Feature", "properties": { "corridor_type": "corridor", "neighbor_count": 1, "corridor_label_clean": null, "license_type": "Roadway", "business_name": "GOLDEN DINER", "license_status": "Issued", "street_name": "MADISON", "dist_subway_m": 362.07573314533181, "complaints_clean": 3, "experience_type": "High access, low friction" }, "geometry": { "type": "Point", "coordinates": [ -73.994055451454003, 40.712335300601985 ] } },
{ "type": "Feature", "properties": { "corridor_type": "corridor", "neighbor_count": 1, "corridor_label_clean": null, "license_type": "Roadway", "business_name": "CELLAR 36", "license_status": "Issued", "street_name": "MARKET", "dist_subway_m": 379.23849806539914, "complaints_clean": 13, "experience_type": "Mixed conditions" }, "geometry": { "type": "Point", "coordinates": [ -73.994383683473004, 40.712532940523985 ] } },
{ "type": "Feature", "properties": { "corridor_type": "scattered", "neighbor_count": 0, "corridor_label_clean": "Mulberry St (Little Italy / SoHo)", "license_type": "Roadway", "business_name": "WHISKEY TAVERN", "license_status": "Issued", "street_name": "BAXTER", "dist_subway_m": 178.77291490444122, "complaints_clean": 1, "experience_type": "High access, low friction" }, "geometry": { "type": "Point", "coordinates": [ -73.999953104393995, 40.716482800206002 ] } },
{ "type": "Feature", "properties": { "corridor_type": "scattered", "neighbor_count": 0, "corridor_label_clean": "Mulberry St (Little Italy / SoHo)", "license_type": "Roadway", "business_name": "DIASPORA", "license_status": "Issued", "street_name": "BAXTER", "dist_subway_m": 127.47217754517725, "complaints_clean": 0, "experience_type": "High access, low friction" }, "geometry": { "type": "Point", "coordinates": [ -73.999660906271018, 40.71695764462001 ] } },
{ "type": "Feature", "properties": { "corridor_type": "corridor", "neighbor_count": 2, "corridor_label_clean": "Mulberry St (Little Italy / SoHo)", "license_type": "Roadway", "business_name": "OSTERIA BAROCCA", "license_status": "Issued", "street_name": "MULBERRY", "dist_subway_m": 184.44401949423403, "complaints_clean": 29, "experience_type": "Mixed conditions" }, "geometry": { "type": "Point", "coordinates": [ -73.997759766672999, 40.718448032288009 ] } },
{ "type": "Feature", "properties": { "corridor_type": "corridor", "neighbor_count": 2, "corridor_label_clean": "Mulberry St (Little Italy / SoHo)", "license_type": "Roadway", "business_name": "PAESANO'S", "license_status": "Issued", "street_name": "MULBERRY", "dist_subway_m": 191.61420752286622, "complaints_clean": 30, "experience_type": "Mixed conditions" }, "geometry": { "type": "Point", "coordinates": [ -73.997694829896005, 40.718519394966016 ] } },
{ "type": "Feature", "properties": { "corridor_type": "corridor", "neighbor_count": 3, "corridor_label_clean": "Mulberry St (Little Italy / SoHo)", "license_type": "Roadway", "business_name": "ZIA MARIA LITTLE ITALY", "license_status": "Issued", "street_name": "MULBERRY", "dist_subway_m": 196.85911657420365, "complaints_clean": 30, "experience_type": "Mixed conditions" }, "geometry": { "type": "Point", "coordinates": [ -73.997655145357996, 40.718588013358016 ] } },
{ "type": "Feature", "properties": { "corridor_type": "corridor", "neighbor_count": 2, "corridor_label_clean": "Mulberry St (Little Italy / SoHo)", "license_type": "Roadway", "business_name": "CASA D' ANGELO", "license_status": "Issued", "street_name": "MULBERRY", "dist_subway_m": 218.50751032791382, "complaints_clean": 22, "experience_type": "Mixed conditions" }, "geometry": { "type": "Point", "coordinates": [ -73.997510836423004, 40.718859742332 ] } },
{ "type": "Feature", "properties": { "corridor_type": "corridor", "neighbor_count": 1, "corridor_label_clean": "Mulberry St (Little Italy / SoHo)", "license_type": "Roadway", "business_name": "CAFFE PALERMO", "license_status": "Issued", "street_name": "MULBERRY", "dist_subway_m": 224.36284072195488, "complaints_clean": 21, "experience_type": "Mixed conditions" }, "geometry": { "type": "Point", "coordinates": [ -73.997474758978996, 40.718928360737998 ] } },
{ "type": "Feature", "properties": { "corridor_type": "corridor", "neighbor_count": 3, "corridor_label_clean": "Mulberry St (Little Italy / SoHo)", "license_type": "Roadway", "business_name": "DA NICO RISTORANTE", "license_status": "Issued", "street_name": "MULBERRY", "dist_subway_m": 273.20332889771021, "complaints_clean": 19, "experience_type": "Mixed conditions" }, "geometry": { "type": "Point", "coordinates": [ -73.997092326150991, 40.719823145947998 ] } },
{ "type": "Feature", "properties": { "corridor_type": "scattered", "neighbor_count": 0, "corridor_label_clean": null, "license_type": "Roadway", "business_name": "BEEPUBLIC", "license_status": "Issued", "street_name": "FRONT", "dist_subway_m": 373.77876816566834, "complaints_clean": 0, "experience_type": "High access, low friction" }, "geometry": { "type": "Point", "coordinates": [ -74.004425556489991, 40.70647254111401 ] } },
{ "type": "Feature", "properties": { "corridor_type": "scattered", "neighbor_count": 0, "corridor_label_clean": null, "license_type": "Roadway", "business_name": "PARIS CAFE", "license_status": "Issued", "street_name": "SOUTH", "dist_subway_m": 478.57057396220193, "complaints_clean": 2, "experience_type": "Mixed conditions" }, "geometry": { "type": "Point", "coordinates": [ -74.001944084282982, 40.706930986673001 ] } },
{ "type": "Feature", "properties": { "corridor_type": "corridor", "neighbor_count": 1, "corridor_label_clean": null, "license_type": "Sidewalk", "business_name": "FRESH SALT", "license_status": "Issued", "street_name": "BEEKMAN", "dist_subway_m": 427.88338220204434, "complaints_clean": 6, "experience_type": "Low access, high friction" }, "geometry": { "type": "Point", "coordinates": [ -74.002589711887993, 40.707035275178001 ] } },
{ "type": "Feature", "properties": { "corridor_type": "corridor", "neighbor_count": 1, "corridor_label_clean": null, "license_type": "Sidewalk", "business_name": "IL BRIGANTE", "license_status": "Issued", "street_name": "FRONT", "dist_subway_m": 412.73329854028259, "complaints_clean": 18, "experience_type": "Low access, high friction" }, "geometry": { "type": "Point", "coordinates": [ -74.002532013524998, 40.707326222106005 ] } },
{ "type": "Feature", "properties": { "corridor_type": "scattered", "neighbor_count": 0, "corridor_label_clean": null, "license_type": "Sidewalk", "business_name": "PLAYA BOWLS", "license_status": "Issued", "street_name": "FULTON", "dist_subway_m": 206.08057728805525, "complaints_clean": 2, "experience_type": "High access, low friction" }, "geometry": { "type": "Point", "coordinates": [ -74.004696191508998, 40.708229183248001 ] } },
{ "type": "Feature", "properties": { "corridor_type": "scattered", "neighbor_count": 0, "corridor_label_clean": null, "license_type": "Roadway", "business_name": "MONK MCGINNS", "license_status": "Issued", "street_name": "MURRAY", "dist_subway_m": 98.808168808832292, "complaints_clean": 2, "experience_type": "High access, low friction" }, "geometry": { "type": "Point", "coordinates": [ -74.009746738043987, 40.71421246245 ] } },
{ "type": "Feature", "properties": { "corridor_type": "scattered", "neighbor_count": 0, "corridor_label_clean": null, "license_type": "Sidewalk", "business_name": "1803 NYC / BON COURAGE", "license_status": "Issued", "street_name": "READE", "dist_subway_m": 177.61545726489038, "complaints_clean": 2, "experience_type": "High access, low friction" }, "geometry": { "type": "Point", "coordinates": [ -74.007070279953979, 40.715219988793024 ] } },
{ "type": "Feature", "properties": { "corridor_type": "corridor", "neighbor_count": 1, "corridor_label_clean": null, "license_type": "Sidewalk", "business_name": "TAKAHACHI TRIBECA", "license_status": "Issued", "street_name": "DUANE", "dist_subway_m": 149.06359032538168, "complaints_clean": 0, "experience_type": "High access, low friction" }, "geometry": { "type": "Point", "coordinates": [ -74.008015534264999, 40.716424879968002 ] } },
{ "type": "Feature", "properties": { "corridor_type": "scattered", "neighbor_count": 0, "corridor_label_clean": null, "license_type": "Sidewalk", "business_name": "TOLO", "license_status": "Issued", "street_name": "CANAL", "dist_subway_m": 86.304838987017121, "complaints_clean": 1, "experience_type": "High access, low friction" }, "geometry": { "type": "Point", "coordinates": [ -73.990466053109998, 40.714459509526016 ] } },
{ "type": "Feature", "properties": { "corridor_type": "corridor", "neighbor_count": 1, "corridor_label_clean": null, "license_type": "Roadway", "business_name": "LE DIVE", "license_status": "Issued", "street_name": "CANAL", "dist_subway_m": 128.80461245766429, "complaints_clean": 17, "experience_type": "Mixed conditions" }, "geometry": { "type": "Point", "coordinates": [ -73.991072044326003, 40.714651692112994 ] } },
{ "type": "Feature", "properties": { "corridor_type": "corridor", "neighbor_count": 2, "corridor_label_clean": null, "license_type": "Roadway", "business_name": "CERVO'S", "license_status": "Issued", "street_name": "CANAL", "dist_subway_m": 154.4397168846285, "complaints_clean": 13, "experience_type": "Mixed conditions" }, "geometry": { "type": "Point", "coordinates": [ -73.991393077194004, 40.714750528329013 ] } },
{ "type": "Feature", "properties": { "corridor_type": "corridor", "neighbor_count": 2, "corridor_label_clean": null, "license_type": "Roadway", "business_name": "DIMES", "license_status": "Issued", "street_name": "CANAL", "dist_subway_m": 173.39307494098406, "complaints_clean": 10, "experience_type": "Mixed conditions" }, "geometry": { "type": "Point", "coordinates": [ -73.991623933187981, 40.714819164638996 ] } },
{ "type": "Feature", "properties": { "corridor_type": "corridor", "neighbor_count": 1, "corridor_label_clean": null, "license_type": "Roadway", "business_name": "SWAN ROOM / CORNER BAR", "license_status": "Issued", "street_name": "CANAL", "dist_subway_m": 201.25365045963906, "complaints_clean": 4, "experience_type": "Mixed conditions" }, "geometry": { "type": "Point", "coordinates": [ -73.991970220230996, 40.714904277236016 ] } },
{ "type": "Feature", "properties": { "corridor_type": "scattered", "neighbor_count": 0, "corridor_label_clean": null, "license_type": "Roadway", "business_name": "BAR BELLY", "license_status": "Issued", "street_name": "ORCHARD", "dist_subway_m": 211.37798494312958, "complaints_clean": 30, "experience_type": "Mixed conditions" }, "geometry": { "type": "Point", "coordinates": [ -73.991714065460997, 40.715214417866015 ] } },
{ "type": "Feature", "properties": { "corridor_type": "scattered", "neighbor_count": 0, "corridor_label_clean": null, "license_type": "Sidewalk", "business_name": "TIME AGAIN", "license_status": "Issued", "street_name": "CANAL", "dist_subway_m": 299.89377269311763, "complaints_clean": 6, "experience_type": "Mixed conditions" }, "geometry": { "type": "Point", "coordinates": [ -73.994138128762003, 40.715582366371983 ] } },
{ "type": "Feature", "properties": { "corridor_type": "corridor", "neighbor_count": 1, "corridor_label_clean": null, "license_type": "Roadway", "business_name": "SUNDAY TO SUNDAY", "license_status": "Issued", "street_name": "ORCHARD", "dist_subway_m": 197.40498028308645, "complaints_clean": 30, "experience_type": "Mixed conditions" }, "geometry": { "type": "Point", "coordinates": [ -73.990295998750994, 40.717975543539005 ] } },
{ "type": "Feature", "properties": { "corridor_type": "corridor", "neighbor_count": 2, "corridor_label_clean": null, "license_type": "Sidewalk", "business_name": "TINY'S & THE BAR UPSTAIRS", "license_status": "Issued", "street_name": "BROADWAY", "dist_subway_m": 174.58543274419117, "complaints_clean": 0, "experience_type": "High access, low friction" }, "geometry": { "type": "Point", "coordinates": [ -74.007973351519979, 40.716704503034983 ] } },
{ "type": "Feature", "properties": { "corridor_type": "corridor", "neighbor_count": 1, "corridor_label_clean": null, "license_type": "Roadway", "business_name": "THE ODEON", "license_status": "Issued", "street_name": "BROADWAY", "dist_subway_m": 196.44062634143972, "complaints_clean": 3, "experience_type": "High access, low friction" }, "geometry": { "type": "Point", "coordinates": [ -74.008048068297001, 40.716984810413997 ] } },
{ "type": "Feature", "properties": { "corridor_type": "corridor", "neighbor_count": 1, "corridor_label_clean": null, "license_type": "Roadway", "business_name": "LAUGHING MAN CAFE", "license_status": "Issued", "street_name": "DUANE", "dist_subway_m": 228.52630852987693, "complaints_clean": 2, "experience_type": "High access, low friction" }, "geometry": { "type": "Point", "coordinates": [ -74.010245027189001, 40.717396350423002 ] } },
{ "type": "Feature", "properties": { "corridor_type": "corridor", "neighbor_count": 1, "corridor_label_clean": null, "license_type": "Roadway", "business_name": "HIDEAWAY", "license_status": "Issued", "street_name": "DUANE", "dist_subway_m": 230.95680082664776, "complaints_clean": 2, "experience_type": "High access, low friction" }, "geometry": { "type": "Point", "coordinates": [ -74.01025945977301, 40.717415562509998 ] } },
{ "type": "Feature", "properties": { "corridor_type": "scattered", "neighbor_count": 0, "corridor_label_clean": null, "license_type": "Roadway", "business_name": "SQUARE DINER", "license_status": "Issued", "street_name": "LEONARD", "dist_subway_m": 108.48296073144553, "complaints_clean": 5, "experience_type": "Mixed conditions" }, "geometry": { "type": "Point", "coordinates": [ -74.007348393634999, 40.718406647230999 ] } },
{ "type": "Feature", "properties": { "corridor_type": "scattered", "neighbor_count": 0, "corridor_label_clean": null, "license_type": "Sidewalk", "business_name": "TERROIR TRIBECA", "license_status": "Issued", "street_name": "HARRISON", "dist_subway_m": 272.81786782720286, "complaints_clean": 2, "experience_type": "High access, low friction" }, "geometry": { "type": "Point", "coordinates": [ -74.010032397315996, 40.718766008442984 ] } },
{ "type": "Feature", "properties": { "corridor_type": "scattered", "neighbor_count": 0, "corridor_label_clean": null, "license_type": "Sidewalk", "business_name": "FRENCHETTE", "license_status": "Issued", "street_name": "BROADWAY", "dist_subway_m": 96.39547689259868, "complaints_clean": 1, "experience_type": "High access, low friction" }, "geometry": { "type": "Point", "coordinates": [ -74.005887490861014, 40.719737943896014 ] } },
{ "type": "Feature", "properties": { "corridor_type": "scattered", "neighbor_count": 0, "corridor_label_clean": null, "license_type": "Roadway", "business_name": "WALKER'S", "license_status": "Issued", "street_name": "MOORE", "dist_subway_m": 54.780724440918711, "complaints_clean": 2, "experience_type": "High access, low friction" }, "geometry": { "type": "Point", "coordinates": [ -74.007074374165995, 40.71979002741201 ] } },
{ "type": "Feature", "properties": { "corridor_type": "scattered", "neighbor_count": 0, "corridor_label_clean": null, "license_type": "Sidewalk", "business_name": "SMITH & MILLS", "license_status": "Issued", "street_name": "MOORE", "dist_subway_m": 264.06423980235604, "complaints_clean": 0, "experience_type": "High access, low friction" }, "geometry": { "type": "Point", "coordinates": [ -74.009845003804983, 40.72008351317799 ] } },
{ "type": "Feature", "properties": { "corridor_type": "corridor", "neighbor_count": 3, "corridor_label_clean": "Mulberry St (Little Italy / SoHo)", "license_type": "Roadway", "business_name": "AMICI RISTORANTE", "license_status": "Issued", "street_name": "MULBERRY", "dist_subway_m": 274.56331552194172, "complaints_clean": 19, "experience_type": "Mixed conditions" }, "geometry": { "type": "Point", "coordinates": [ -73.997110363591005, 40.719828635938988 ] } },
{ "type": "Feature", "properties": { "corridor_type": "corridor", "neighbor_count": 3, "corridor_label_clean": "Mulberry St (Little Italy / SoHo)", "license_type": "Roadway", "business_name": "LA MELA", "license_status": "Issued", "street_name": "MULBERRY", "dist_subway_m": 265.46072937388158, "complaints_clean": 25, "experience_type": "Mixed conditions" }, "geometry": { "type": "Point", "coordinates": [ -73.997077892142002, 40.719910978144021 ] } },
{ "type": "Feature", "properties": { "corridor_type": "corridor", "neighbor_count": 4, "corridor_label_clean": "Mulberry St (Little Italy / SoHo)", "license_type": "Roadway", "business_name": "L'AMORE", "license_status": "Issued", "street_name": "MULBERRY", "dist_subway_m": 247.35601598844676, "complaints_clean": 30, "experience_type": "Mixed conditions" }, "geometry": { "type": "Point", "coordinates": [ -73.997012949002993, 40.720075662525019 ] } },
{ "type": "Feature", "properties": { "corridor_type": "scattered", "neighbor_count": 0, "corridor_label_clean": "Mulberry St (Little Italy / SoHo)", "license_type": "Roadway", "business_name": "MAMAN", "license_status": "Issued", "street_name": "CENTRE", "dist_subway_m": 227.87869182976914, "complaints_clean": 0, "experience_type": "High access, low friction" }, "geometry": { "type": "Point", "coordinates": [ -73.998199829814979, 40.720185477997006 ] } },
{ "type": "Feature", "properties": { "corridor_type": "scattered", "neighbor_count": 0, "corridor_label_clean": "Mulberry St (Little Italy / SoHo)", "license_type": "Roadway", "business_name": "SHOO SHOO NOLITA", "license_status": "Issued", "street_name": "BROOME", "dist_subway_m": 187.85032814005007, "complaints_clean": 0, "experience_type": "High access, low friction" }, "geometry": { "type": "Point", "coordinates": [ -73.996136306804999, 40.720207385185006 ] } },
{ "type": "Feature", "properties": { "corridor_type": "corridor", "neighbor_count": 2, "corridor_label_clean": "Mulberry St (Little Italy / SoHo)", "license_type": "Roadway", "business_name": "GROTTA AZZURRA", "license_status": "Issued", "street_name": "MULBERRY", "dist_subway_m": 220.51184756226922, "complaints_clean": 29, "experience_type": "Mixed conditions" }, "geometry": { "type": "Point", "coordinates": [ -73.996915533689005, 40.720322689023028 ] } },
{ "type": "Feature", "properties": { "corridor_type": "corridor", "neighbor_count": 1, "corridor_label_clean": "Mulberry St (Little Italy / SoHo)", "license_type": "Roadway", "business_name": "THE WOOLY", "license_status": "Issued", "street_name": "BROOME", "dist_subway_m": 196.89699636787387, "complaints_clean": 16, "experience_type": "Mixed conditions" }, "geometry": { "type": "Point", "coordinates": [ -73.996908308594001, 40.720536780692001 ] } },
{ "type": "Feature", "properties": { "corridor_type": "scattered", "neighbor_count": 0, "corridor_label_clean": null, "license_type": "Roadway", "business_name": "LE BOTANISTE", "license_status": "Issued", "street_name": "GRAND", "dist_subway_m": 177.40324409690916, "complaints_clean": 7, "experience_type": "Mixed conditions" }, "geometry": { "type": "Point", "coordinates": [ -74.000212847083986, 40.720594462281007 ] } },
{ "type": "Feature", "properties": { "corridor_type": "scattered", "neighbor_count": 0, "corridor_label_clean": "Mulberry St (Little Italy / SoHo)", "license_type": "Roadway", "business_name": "LEON'S BAGELS", "license_status": "Issued", "street_name": "MULBERRY", "dist_subway_m": 164.11019395431202, "complaints_clean": 6, "experience_type": "Mixed conditions" }, "geometry": { "type": "Point", "coordinates": [ -73.996706268349982, 40.720860657621984 ] } },
{ "type": "Feature", "properties": { "corridor_type": "corridor", "neighbor_count": 1, "corridor_label_clean": "Mulberry St (Little Italy / SoHo)", "license_type": "Roadway", "business_name": "EPISTROPHY", "license_status": "Issued", "street_name": "MOTT", "dist_subway_m": 172.13930269349484, "complaints_clean": 1, "experience_type": "High access, low friction" }, "geometry": { "type": "Point", "coordinates": [ -73.995573454397984, 40.721310761338991 ] } },
{ "type": "Feature", "properties": { "corridor_type": "corridor", "neighbor_count": 1, "corridor_label_clean": null, "license_type": "Roadway", "business_name": "BARRIO CHINO", "license_status": "Issued", "street_name": "BROOME", "dist_subway_m": 169.65678852700859, "complaints_clean": 14, "experience_type": "Mixed conditions" }, "geometry": { "type": "Point", "coordinates": [ -73.989971321274993, 40.718030410966996 ] } },
{ "type": "Feature", "properties": { "corridor_type": "scattered", "neighbor_count": 0, "corridor_label_clean": null, "license_type": "Roadway", "business_name": "RAY'S", "license_status": "Issued", "street_name": "CHRYSTIE", "dist_subway_m": 158.91865056127295, "complaints_clean": 1, "experience_type": "High access, low friction" }, "geometry": { "type": "Point", "coordinates": [ -73.992341058409991, 40.721063561975988 ] } },
{ "type": "Feature", "properties": { "corridor_type": "scattered", "neighbor_count": 0, "corridor_label_clean": null, "license_type": "Roadway", "business_name": "AINSLIE BOWERY", "license_status": "Issued", "street_name": "BOWERY", "dist_subway_m": 97.549790683839646, "complaints_clean": 0, "experience_type": "High access, low friction" }, "geometry": { "type": "Point", "coordinates": [ -73.993701117258993, 40.72114324298699 ] } },
{ "type": "Feature", "properties": { "corridor_type": "scattered", "neighbor_count": 0, "corridor_label_clean": null, "license_type": "Sidewalk", "business_name": "82 STANTON", "license_status": "Issued", "street_name": "STANTON", "dist_subway_m": 226.51416445120344, "complaints_clean": 1, "experience_type": "High access, low friction" }, "geometry": { "type": "Point", "coordinates": [ -73.988809132558004, 40.721551840317012 ] } },
{ "type": "Feature", "properties": { "corridor_type": "scattered", "neighbor_count": 0, "corridor_label_clean": null, "license_type": "Roadway", "business_name": "SPAGHETTI INCIDENT", "license_status": "Issued", "street_name": "ELDRIDGE", "dist_subway_m": 120.07801463178149, "complaints_clean": 0, "experience_type": "High access, low friction" }, "geometry": { "type": "Point", "coordinates": [ -73.989840796628997, 40.722323215915019 ] } },
{ "type": "Feature", "properties": { "corridor_type": "corridor", "neighbor_count": 1, "corridor_label_clean": null, "license_type": "Roadway", "business_name": "LIL FRANKIE'S PIZZA", "license_status": "Issued", "street_name": "1", "dist_subway_m": 139.17775389549209, "complaints_clean": 15, "experience_type": "Mixed conditions" }, "geometry": { "type": "Point", "coordinates": [ -73.988292903673994, 40.723467636190996 ] } },
{ "type": "Feature", "properties": { "corridor_type": "corridor", "neighbor_count": 1, "corridor_label_clean": null, "license_type": "Sidewalk", "business_name": "LIL FRANKIE'S GROCERY", "license_status": "Issued", "street_name": "1", "dist_subway_m": 142.63645720408937, "complaints_clean": 12, "experience_type": "Mixed conditions" }, "geometry": { "type": "Point", "coordinates": [ -73.988256817110994, 40.723519783072007 ] } },
{ "type": "Feature", "properties": { "corridor_type": "scattered", "neighbor_count": 0, "corridor_label_clean": null, "license_type": "Sidewalk", "business_name": "BOWERY MEAT COMPANY", "license_status": "Issued", "street_name": "1", "dist_subway_m": 204.98679886801756, "complaints_clean": 1, "experience_type": "High access, low friction" }, "geometry": { "type": "Point", "coordinates": [ -73.991734535476994, 40.724642695999023 ] } },
{ "type": "Feature", "properties": { "corridor_type": "scattered", "neighbor_count": 0, "corridor_label_clean": null, "license_type": "Roadway", "business_name": "BAR PRIMI", "license_status": "Issued", "street_name": "BOWERY", "dist_subway_m": 224.36776977045443, "complaints_clean": 2, "experience_type": "High access, low friction" }, "geometry": { "type": "Point", "coordinates": [ -73.992012202804986, 40.725748856560017 ] } },
{ "type": "Feature", "properties": { "corridor_type": "scattered", "neighbor_count": 0, "corridor_label_clean": null, "license_type": "Roadway", "business_name": "FIASCHETTERIA PISTOIA", "license_status": "Issued", "street_name": "11", "dist_subway_m": 577.09525413141023, "complaints_clean": 1, "experience_type": "Mixed conditions" }, "geometry": { "type": "Point", "coordinates": [ -73.977677859273982, 40.726713120350034 ] } },
{ "type": "Feature", "properties": { "corridor_type": "scattered", "neighbor_count": 0, "corridor_label_clean": null, "license_type": "Roadway", "business_name": "AMA RAW BAR", "license_status": "Issued", "street_name": "B", "dist_subway_m": 397.61581675794702, "complaints_clean": 4, "experience_type": "Mixed conditions" }, "geometry": { "type": "Point", "coordinates": [ -73.979153119564003, 40.727907371210009 ] } },
{ "type": "Feature", "properties": { "corridor_type": "scattered", "neighbor_count": 0, "corridor_label_clean": null, "license_type": "Roadway", "business_name": "11TH ST BAR", "license_status": "Issued", "street_name": "11", "dist_subway_m": 305.43683445394026, "complaints_clean": 0, "experience_type": "High access, low friction" }, "geometry": { "type": "Point", "coordinates": [ -73.981281738153015, 40.728215152107012 ] } },
{ "type": "Feature", "properties": { "corridor_type": "scattered", "neighbor_count": 0, "corridor_label_clean": null, "license_type": "Sidewalk", "business_name": "CANTINA CUBANA", "license_status": "Issued", "street_name": "B", "dist_subway_m": 543.8392094028145, "complaints_clean": 0, "experience_type": "Mixed conditions" }, "geometry": { "type": "Point", "coordinates": [ -73.983361472813002, 40.722105622377001 ] } },
{ "type": "Feature", "properties": { "corridor_type": "scattered", "neighbor_count": 0, "corridor_label_clean": null, "license_type": "Roadway", "business_name": "SUPPER", "license_status": "Issued", "street_name": "2", "dist_subway_m": 408.14963192225645, "complaints_clean": 1, "experience_type": "Mixed conditions" }, "geometry": { "type": "Point", "coordinates": [ -73.985179585668988, 40.722767360588009 ] } },
{ "type": "Feature", "properties": { "corridor_type": "scattered", "neighbor_count": 0, "corridor_label_clean": null, "license_type": "Roadway", "business_name": "BOOK CLUB BAR", "license_status": "Issued", "street_name": "3", "dist_subway_m": 542.73238364506176, "complaints_clean": 10, "experience_type": "Low access, high friction" }, "geometry": { "type": "Point", "coordinates": [ -73.983545261412999, 40.722920844715013 ] } },
{ "type": "Feature", "properties": { "corridor_type": "scattered", "neighbor_count": 0, "corridor_label_clean": null, "license_type": "Roadway", "business_name": "BIBI WINECELLAR", "license_status": "Issued", "street_name": "4", "dist_subway_m": 535.10447337228209, "complaints_clean": 9, "experience_type": "Low access, high friction" }, "geometry": { "type": "Point", "coordinates": [ -73.983620818688991, 40.723749775134998 ] } },
{ "type": "Feature", "properties": { "corridor_type": "scattered", "neighbor_count": 0, "corridor_label_clean": null, "license_type": "Roadway", "business_name": "TUOME", "license_status": "Issued", "street_name": "5", "dist_subway_m": 559.36475605533099, "complaints_clean": 2, "experience_type": "Mixed conditions" }, "geometry": { "type": "Point", "coordinates": [ -73.983461903370994, 40.724449667849989 ] } },
{ "type": "Feature", "properties": { "corridor_type": "scattered", "neighbor_count": 0, "corridor_label_clean": null, "license_type": "Roadway", "business_name": "DON CEVICHE", "license_status": "Issued", "street_name": "1", "dist_subway_m": 282.00048985508573, "complaints_clean": 1, "experience_type": "High access, low friction" }, "geometry": { "type": "Point", "coordinates": [ -73.987253599143997, 40.724911272684999 ] } },
{ "type": "Feature", "properties": { "corridor_type": "corridor", "neighbor_count": 1, "corridor_label_clean": null, "license_type": "Roadway", "business_name": "BUENOS AIRES", "license_status": "Issued", "street_name": "6", "dist_subway_m": 588.26750477386895, "complaints_clean": 6, "experience_type": "Low access, high friction" }, "geometry": { "type": "Point", "coordinates": [ -73.983407588991994, 40.725240152781993 ] } },
{ "type": "Feature", "properties": { "corridor_type": "scattered", "neighbor_count": 0, "corridor_label_clean": null, "license_type": "Roadway", "business_name": "C & B", "license_status": "Issued", "street_name": "7", "dist_subway_m": 632.01596917785264, "complaints_clean": 4, "experience_type": "Low access, high friction" }, "geometry": { "type": "Point", "coordinates": [ -73.981693863648005, 40.725261850202997 ] } },
{ "type": "Feature", "properties": { "corridor_type": "corridor", "neighbor_count": 1, "corridor_label_clean": null, "license_type": "Roadway", "business_name": "NOWON", "license_status": "Issued", "street_name": "6", "dist_subway_m": 582.28994999495819, "complaints_clean": 6, "experience_type": "Low access, high friction" }, "geometry": { "type": "Point", "coordinates": [ -73.983504989492985, 40.725284083095005 ] } },
{ "type": "Feature", "properties": { "corridor_type": "corridor", "neighbor_count": 2, "corridor_label_clean": null, "license_type": "Roadway", "business_name": "96 TEARS", "license_status": "Issued", "street_name": "A", "dist_subway_m": 589.26785816460233, "complaints_clean": 7, "experience_type": "Low access, high friction" }, "geometry": { "type": "Point", "coordinates": [ -73.983649157445001, 40.725874228517995 ] } },
{ "type": "Feature", "properties": { "corridor_type": "corridor", "neighbor_count": 2, "corridor_label_clean": null, "license_type": "Roadway", "business_name": "KAZUZA", "license_status": "Issued", "street_name": "A", "dist_subway_m": 586.05949459819499, "complaints_clean": 7, "experience_type": "Low access, high friction" }, "geometry": { "type": "Point", "coordinates": [ -73.983649150008986, 40.725904420946996 ] } },
{ "type": "Feature", "properties": { "corridor_type": "corridor", "neighbor_count": 2, "corridor_label_clean": null, "license_type": "Roadway", "business_name": "YUCA BAR & RESTAURANT", "license_status": "Issued", "street_name": "A", "dist_subway_m": 556.46632839527092, "complaints_clean": 8, "experience_type": "Low access, high friction" }, "geometry": { "type": "Point", "coordinates": [ -73.983475912993001, 40.726143190791007 ] } },
{ "type": "Feature", "properties": { "corridor_type": "scattered", "neighbor_count": 0, "corridor_label_clean": null, "license_type": "Roadway", "business_name": "7TH STREET BURGER", "license_status": "Issued", "street_name": "7", "dist_subway_m": 540.5341076261235, "complaints_clean": 4, "experience_type": "Low access, high friction" }, "geometry": { "type": "Point", "coordinates": [ -73.985402368383006, 40.726835133230999 ] } },
{ "type": "Feature", "properties": { "corridor_type": "scattered", "neighbor_count": 0, "corridor_label_clean": null, "license_type": "Roadway", "business_name": "THE GRAFTON PUBLIC HOUSE", "license_status": "Issued", "street_name": "1", "dist_subway_m": 519.93711690410157, "complaints_clean": 15, "experience_type": "Low access, high friction" }, "geometry": { "type": "Point", "coordinates": [ -73.985485247846995, 40.727304498751003 ] } },
{ "type": "Feature", "properties": { "corridor_type": "scattered", "neighbor_count": 0, "corridor_label_clean": null, "license_type": "Roadway", "business_name": "VILLAGE SQUARE PIZZA", "license_status": "Issued", "street_name": "A", "dist_subway_m": 401.70446215494172, "complaints_clean": 6, "experience_type": "Low access, high friction" }, "geometry": { "type": "Point", "coordinates": [ -73.982559179974984, 40.727405647500994 ] } },
{ "type": "Feature", "properties": { "corridor_type": "corridor", "neighbor_count": 1, "corridor_label_clean": null, "license_type": "Roadway", "business_name": "FISH CHEEKS", "license_status": "Issued", "street_name": "BOND", "dist_subway_m": 171.49645883642648, "complaints_clean": 6, "experience_type": "Mixed conditions" }, "geometry": { "type": "Point", "coordinates": [ -73.992629129725998, 40.725899860012014 ] } },
{ "type": "Feature", "properties": { "corridor_type": "corridor", "neighbor_count": 1, "corridor_label_clean": null, "license_type": "Roadway", "business_name": "IL BUCO", "license_status": "Issued", "street_name": "BOND", "dist_subway_m": 150.30684814777035, "complaints_clean": 6, "experience_type": "Mixed conditions" }, "geometry": { "type": "Point", "coordinates": [ -73.992885275268989, 40.726020645903994 ] } },
{ "type": "Feature", "properties": { "corridor_type": "scattered", "neighbor_count": 0, "corridor_label_clean": null, "license_type": "Roadway", "business_name": "GEMMA", "license_status": "Issued", "street_name": "3", "dist_subway_m": 278.81097450851166, "complaints_clean": 0, "experience_type": "High access, low friction" }, "geometry": { "type": "Point", "coordinates": [ -73.991380768534995, 40.726204442053984 ] } },
{ "type": "Feature", "properties": { "corridor_type": "scattered", "neighbor_count": 0, "corridor_label_clean": null, "license_type": "Roadway", "business_name": "FRANK", "license_status": "Issued", "street_name": "2", "dist_subway_m": 394.03879644229363, "complaints_clean": 18, "experience_type": "Mixed conditions" }, "geometry": { "type": "Point", "coordinates": [ -73.988909258941987, 40.726862973589995 ] } },
{ "type": "Feature", "properties": { "corridor_type": "scattered", "neighbor_count": 0, "corridor_label_clean": null, "license_type": "Roadway", "business_name": "ELSEWHERE ESPRESSO", "license_status": "Issued", "street_name": "6", "dist_subway_m": 446.55243505316804, "complaints_clean": 11, "experience_type": "Low access, high friction" }, "geometry": { "type": "Point", "coordinates": [ -73.98759955741798, 40.727008312080017 ] } },
{ "type": "Feature", "properties": { "corridor_type": "scattered", "neighbor_count": 0, "corridor_label_clean": null, "license_type": "Roadway", "business_name": "THE SCRATCHER CAFE", "license_status": "Issued", "street_name": "5", "dist_subway_m": 283.61243231328399, "complaints_clean": 0, "experience_type": "High access, low friction" }, "geometry": { "type": "Point", "coordinates": [ -73.990723950968999, 40.72751364425401 ] } },
{ "type": "Feature", "properties": { "corridor_type": "scattered", "neighbor_count": 0, "corridor_label_clean": null, "license_type": "Sidewalk", "business_name": "B&H DAIRY", "license_status": "Issued", "street_name": "2", "dist_subway_m": 331.02567287486539, "complaints_clean": 1, "experience_type": "High access, low friction" }, "geometry": { "type": "Point", "coordinates": [ -73.987851866135003, 40.728353274395005 ] } },
{ "type": "Feature", "properties": { "corridor_type": "scattered", "neighbor_count": 0, "corridor_label_clean": null, "license_type": "Roadway", "business_name": "THE SMITH", "license_status": "Issued", "street_name": "3", "dist_subway_m": 215.0655993909962, "complaints_clean": 5, "experience_type": "Mixed conditions" }, "geometry": { "type": "Point", "coordinates": [ -73.988840014971998, 40.730988349684004 ] } },
{ "type": "Feature", "properties": { "corridor_type": "scattered", "neighbor_count": 0, "corridor_label_clean": null, "license_type": "Sidewalk", "business_name": "SAMMY L COFFEE", "license_status": "Issued", "street_name": "3", "dist_subway_m": 213.53225168184966, "complaints_clean": 0, "experience_type": "High access, low friction" }, "geometry": { "type": "Point", "coordinates": [ -73.988248134301998, 40.731808975350006 ] } },
{ "type": "Feature", "properties": { "corridor_type": "scattered", "neighbor_count": 0, "corridor_label_clean": null, "license_type": "Roadway", "business_name": "SWEETGREEN", "license_status": "Issued", "street_name": "UNIVERSITY", "dist_subway_m": 188.51066985874334, "complaints_clean": 1, "experience_type": "High access, low friction" }, "geometry": { "type": "Point", "coordinates": [ -73.992707612722, 40.734002412600013 ] } },
{ "type": "Feature", "properties": { "corridor_type": "scattered", "neighbor_count": 0, "corridor_label_clean": null, "license_type": "Roadway", "business_name": "HORUS CAFE", "license_status": "Issued", "street_name": "10", "dist_subway_m": 361.92011063578195, "complaints_clean": 1, "experience_type": "High access, low friction" }, "geometry": { "type": "Point", "coordinates": [ -73.981873589705003, 40.727699231169005 ] } },
{ "type": "Feature", "properties": { "corridor_type": "scattered", "neighbor_count": 0, "corridor_label_clean": null, "license_type": "Sidewalk", "business_name": "CAFE MAUD", "license_status": "Issued", "street_name": "2", "dist_subway_m": 330.81553948088975, "complaints_clean": 11, "experience_type": "Mixed conditions" }, "geometry": { "type": "Point", "coordinates": [ -73.987599246192005, 40.728674384956996 ] } },
{ "type": "Feature", "properties": { "corridor_type": "scattered", "neighbor_count": 0, "corridor_label_clean": null, "license_type": "Roadway", "business_name": "MUDSPOT", "license_status": "Issued", "street_name": "9", "dist_subway_m": 380.78889022699127, "complaints_clean": 4, "experience_type": "Mixed conditions" }, "geometry": { "type": "Point", "coordinates": [ -73.98678377101399, 40.728992686718996 ] } },
{ "type": "Feature", "properties": { "corridor_type": "scattered", "neighbor_count": 0, "corridor_label_clean": null, "license_type": "Sidewalk", "business_name": "BAR VELOCE", "license_status": "Issued", "street_name": "2", "dist_subway_m": 264.45483810964618, "complaints_clean": 4, "experience_type": "Mixed conditions" }, "geometry": { "type": "Point", "coordinates": [ -73.986314421583003, 40.730472060292016 ] } },
{ "type": "Feature", "properties": { "corridor_type": "scattered", "neighbor_count": 0, "corridor_label_clean": null, "license_type": "Sidewalk", "business_name": "LITTLE POLAND", "license_status": "Issued", "street_name": "2", "dist_subway_m": 167.07015322791543, "complaints_clean": 2, "experience_type": "High access, low friction" }, "geometry": { "type": "Point", "coordinates": [ -73.985617855677987, 40.731394216196016 ] } },
{ "type": "Feature", "properties": { "corridor_type": "scattered", "neighbor_count": 0, "corridor_label_clean": null, "license_type": "Sidewalk", "business_name": "JACKDAW", "license_status": "Issued", "street_name": "2", "dist_subway_m": 132.1811544873589, "complaints_clean": 10, "experience_type": "Mixed conditions" }, "geometry": { "type": "Point", "coordinates": [ -73.985336324857997, 40.731819619143991 ] } },
{ "type": "Feature", "properties": { "corridor_type": "scattered", "neighbor_count": 0, "corridor_label_clean": null, "license_type": "Sidewalk", "business_name": "COYOTE UGLY SALOON", "license_status": "Issued", "street_name": "14", "dist_subway_m": 19.975687485204922, "complaints_clean": 1, "experience_type": "High access, low friction" }, "geometry": { "type": "Point", "coordinates": [ -73.986328346397997, 40.732936860993981 ] } },
{ "type": "Feature", "properties": { "corridor_type": "scattered", "neighbor_count": 0, "corridor_label_clean": null, "license_type": "Roadway", "business_name": "CASA MONO / BAR JAMON", "license_status": "Issued", "street_name": "IRVING", "dist_subway_m": 264.25636104835149, "complaints_clean": 0, "experience_type": "High access, low friction" }, "geometry": { "type": "Point", "coordinates": [ -73.987316429560011, 40.735956215416003 ] } },
{ "type": "Feature", "properties": { "corridor_type": "scattered", "neighbor_count": 0, "corridor_label_clean": null, "license_type": "Roadway", "business_name": "PETE'S TAVERN", "license_status": "Issued", "street_name": "18", "dist_subway_m": 332.94679876799177, "complaints_clean": 3, "experience_type": "High access, low friction" }, "geometry": { "type": "Point", "coordinates": [ -73.986684878069994, 40.736351389879999 ] } },
{ "type": "Feature", "properties": { "corridor_type": "scattered", "neighbor_count": 0, "corridor_label_clean": null, "license_type": "Sidewalk", "business_name": "MOTEL NO TELL", "license_status": "Issued", "street_name": "A", "dist_subway_m": 145.8151341338293, "complaints_clean": 3, "experience_type": "High access, low friction" }, "geometry": { "type": "Point", "coordinates": [ -73.980772548624003, 40.729812521522 ] } },
{ "type": "Feature", "properties": { "corridor_type": "scattered", "neighbor_count": 0, "corridor_label_clean": null, "license_type": "Sidewalk", "business_name": "PADDY REILLY'S MUSIC BAR", "license_status": "Issued", "street_name": "2", "dist_subway_m": 535.86630273126423, "complaints_clean": 0, "experience_type": "Mixed conditions" }, "geometry": { "type": "Point", "coordinates": [ -73.978243046895003, 40.741548681547989 ] } },
{ "type": "Feature", "properties": { "corridor_type": "scattered", "neighbor_count": 0, "corridor_label_clean": null, "license_type": "Roadway", "business_name": "FACTORY 380", "license_status": "Issued", "street_name": "27", "dist_subway_m": 282.31756103952932, "complaints_clean": 0, "experience_type": "High access, low friction" }, "geometry": { "type": "Point", "coordinates": [ -73.981452171681994, 40.741695398810002 ] } },
{ "type": "Feature", "properties": { "corridor_type": "scattered", "neighbor_count": 0, "corridor_label_clean": null, "license_type": "Sidewalk", "business_name": "FUMO", "license_status": "Issued", "street_name": "3", "dist_subway_m": 334.75773538931134, "complaints_clean": 1, "experience_type": "High access, low friction" }, "geometry": { "type": "Point", "coordinates": [ -73.980335770721993, 40.742668922543004 ] } },
{ "type": "Feature", "properties": { "corridor_type": "scattered", "neighbor_count": 0, "corridor_label_clean": null, "license_type": "Roadway", "business_name": "HILL AND BAY", "license_status": "Issued", "street_name": "2", "dist_subway_m": 535.41589398822111, "complaints_clean": 0, "experience_type": "Mixed conditions" }, "geometry": { "type": "Point", "coordinates": [ -73.976867504059001, 40.743332508220988 ] } },
{ "type": "Feature", "properties": { "corridor_type": "scattered", "neighbor_count": 0, "corridor_label_clean": null, "license_type": "Roadway", "business_name": "BLUE HAVEN EAST", "license_status": "Issued", "street_name": "3", "dist_subway_m": 320.14733416662085, "complaints_clean": 4, "experience_type": "Mixed conditions" }, "geometry": { "type": "Point", "coordinates": [ -73.978440319062997, 40.745265127216001 ] } },
{ "type": "Feature", "properties": { "corridor_type": "scattered", "neighbor_count": 0, "corridor_label_clean": null, "license_type": "Sidewalk", "business_name": "VILLA BERULIA", "license_status": "Issued", "street_name": "34", "dist_subway_m": 137.1690858260904, "complaints_clean": 0, "experience_type": "High access, low friction" }, "geometry": { "type": "Point", "coordinates": [ -73.980821742973006, 40.746865746166996 ] } },
{ "type": "Feature", "properties": { "corridor_type": "scattered", "neighbor_count": 0, "corridor_label_clean": null, "license_type": "Sidewalk", "business_name": "RICO BAGEL", "license_status": "Issued", "street_name": "MADISON", "dist_subway_m": 364.61063778807033, "complaints_clean": 5, "experience_type": "Mixed conditions" }, "geometry": { "type": "Point", "coordinates": [ -73.981380276359005, 40.749939970847976 ] } },
{ "type": "Feature", "properties": { "corridor_type": "scattered", "neighbor_count": 0, "corridor_label_clean": null, "license_type": "Roadway", "business_name": "PARK AVENUE TAVERN", "license_status": "Issued", "street_name": "PARK", "dist_subway_m": 191.96520217381646, "complaints_clean": 1, "experience_type": "High access, low friction" }, "geometry": { "type": "Point", "coordinates": [ -73.978665921567995, 40.750738223690014 ] } },
{ "type": "Feature", "properties": { "corridor_type": "scattered", "neighbor_count": 0, "corridor_label_clean": null, "license_type": "Roadway", "business_name": "NOVITA", "license_status": "Issued", "street_name": "22", "dist_subway_m": 70.725816569499656, "complaints_clean": 1, "experience_type": "High access, low friction" }, "geometry": { "type": "Point", "coordinates": [ -73.986290955574006, 40.739271772082994 ] } },
{ "type": "Feature", "properties": { "corridor_type": "scattered", "neighbor_count": 0, "corridor_label_clean": null, "license_type": "Roadway", "business_name": "UPLAND", "license_status": "Issued", "street_name": "PARK", "dist_subway_m": 185.67053499007187, "complaints_clean": 9, "experience_type": "Mixed conditions" }, "geometry": { "type": "Point", "coordinates": [ -73.985316119961993, 40.741601955352991 ] } },
{ "type": "Feature", "properties": { "corridor_type": "scattered", "neighbor_count": 0, "corridor_label_clean": null, "license_type": "Sidewalk", "business_name": "BHATTI INDIAN GRILL", "license_status": "Issued", "street_name": "27", "dist_subway_m": 138.05358486655467, "complaints_clean": 4, "experience_type": "Mixed conditions" }, "geometry": { "type": "Point", "coordinates": [ -73.983089386166995, 40.742205496563997 ] } },
{ "type": "Feature", "properties": { "corridor_type": "scattered", "neighbor_count": 0, "corridor_label_clean": null, "license_type": "Roadway", "business_name": "JOHN DOE BAR & KITCHEN", "license_status": "Issued", "street_name": "5", "dist_subway_m": 148.05239476248155, "complaints_clean": 2, "experience_type": "High access, low friction" }, "geometry": { "type": "Point", "coordinates": [ -73.987166767891992, 40.744835507502998 ] } },
{ "type": "Feature", "properties": { "corridor_type": "scattered", "neighbor_count": 0, "corridor_label_clean": null, "license_type": "Sidewalk", "business_name": "HOKKAIDO BAKED CHEESE TART", "license_status": "Issued", "street_name": "5", "dist_subway_m": 310.01198674229852, "complaints_clean": 1, "experience_type": "High access, low friction" }, "geometry": { "type": "Point", "coordinates": [ -73.985596429598004, 40.746995448706997 ] } },
{ "type": "Feature", "properties": { "corridor_type": "scattered", "neighbor_count": 0, "corridor_label_clean": null, "license_type": "Roadway", "business_name": "SHANGHAI MONG", "license_status": "Issued", "street_name": "32", "dist_subway_m": 218.02426381358615, "complaints_clean": 1, "experience_type": "High access, low friction" }, "geometry": { "type": "Point", "coordinates": [ -73.986953268950003, 40.747755909960013 ] } },
{ "type": "Feature", "properties": { "corridor_type": "scattered", "neighbor_count": 0, "corridor_label_clean": null, "license_type": "Roadway", "business_name": "LEGENDS NYC", "license_status": "Issued", "street_name": "33", "dist_subway_m": 277.6974063688798, "complaints_clean": 1, "experience_type": "High access, low friction" }, "geometry": { "type": "Point", "coordinates": [ -73.985462691097993, 40.747931395517 ] } },
{ "type": "Feature", "properties": { "corridor_type": "scattered", "neighbor_count": 0, "corridor_label_clean": null, "license_type": "Sidewalk", "business_name": "GREENWICH STREET TAVERN", "license_status": "Issued", "street_name": "GREENWICH", "dist_subway_m": 316.01553879329089, "complaints_clean": 7, "experience_type": "Mixed conditions" }, "geometry": { "type": "Point", "coordinates": [ -74.010036320129004, 40.720852031489997 ] } },
{ "type": "Feature", "properties": { "corridor_type": "scattered", "neighbor_count": 0, "corridor_label_clean": null, "license_type": "Roadway", "business_name": "A PASTA BAR", "license_status": "Issued", "street_name": "BROADWAY", "dist_subway_m": 175.8733234636525, "complaints_clean": 6, "experience_type": "Mixed conditions" }, "geometry": { "type": "Point", "coordinates": [ -74.004008110128993, 40.722106759214014 ] } },
{ "type": "Feature", "properties": { "corridor_type": "scattered", "neighbor_count": 0, "corridor_label_clean": null, "license_type": "Roadway", "business_name": "TOAD HALL", "license_status": "Issued", "street_name": "GRAND", "dist_subway_m": 214.15962634492843, "complaints_clean": 10, "experience_type": "Mixed conditions" }, "geometry": { "type": "Point", "coordinates": [ -74.003513867989994, 40.722244013775992 ] } },
{ "type": "Feature", "properties": { "corridor_type": "scattered", "neighbor_count": 0, "corridor_label_clean": null, "license_type": "Roadway", "business_name": "KENN'S BROOME STREET BAR", "license_status": "Issued", "street_name": "BROADWAY", "dist_subway_m": 267.955486588052, "complaints_clean": 3, "experience_type": "High access, low friction" }, "geometry": { "type": "Point", "coordinates": [ -74.003124280993006, 40.723116860955017 ] } },
{ "type": "Feature", "properties": { "corridor_type": "corridor", "neighbor_count": 1, "corridor_label_clean": null, "license_type": "Roadway", "business_name": "PICCOLA CUCINA OSTERIA", "license_status": "Issued", "street_name": "SPRING", "dist_subway_m": 132.1787871781444, "complaints_clean": 30, "experience_type": "Mixed conditions" }, "geometry": { "type": "Point", "coordinates": [ -74.00315323801, 40.725123284612991 ] } },
{ "type": "Feature", "properties": { "corridor_type": "corridor", "neighbor_count": 1, "corridor_label_clean": null, "license_type": "Sidewalk", "business_name": "ALTESI DOWNTOWN", "license_status": "Issued", "street_name": "SPRING", "dist_subway_m": 122.77220716702367, "complaints_clean": 30, "experience_type": "Mixed conditions" }, "geometry": { "type": "Point", "coordinates": [ -74.003268691209996, 40.725180921477019 ] } },
{ "type": "Feature", "properties": { "corridor_type": "scattered", "neighbor_count": 0, "corridor_label_clean": null, "license_type": "Roadway", "business_name": "BLUE RIBBON BRASSERIE", "license_status": "Issued", "street_name": "SULLIVAN", "dist_subway_m": 93.252217088028729, "complaints_clean": 4, "experience_type": "Mixed conditions" }, "geometry": { "type": "Point", "coordinates": [ -74.003135217815981, 40.725524021006983 ] } },
{ "type": "Feature", "properties": { "corridor_type": "scattered", "neighbor_count": 0, "corridor_label_clean": null, "license_type": "Roadway", "business_name": "OLD FASHION CAFE", "license_status": "Issued", "street_name": "THOMPSON", "dist_subway_m": 163.57175917851922, "complaints_clean": 1, "experience_type": "High access, low friction" }, "geometry": { "type": "Point", "coordinates": [ -74.001941025500997, 40.725680499115995 ] } },
{ "type": "Feature", "properties": { "corridor_type": "scattered", "neighbor_count": 0, "corridor_label_clean": null, "license_type": "Roadway", "business_name": "BLUE RIBBON SUSHI", "license_status": "Issued", "street_name": "SULLIVAN", "dist_subway_m": 90.265909644488431, "complaints_clean": 0, "experience_type": "High access, low friction" }, "geometry": { "type": "Point", "coordinates": [ -74.002695082160997, 40.726053772095 ] } },
{ "type": "Feature", "properties": { "corridor_type": "corridor", "neighbor_count": 1, "corridor_label_clean": "Mulberry St (Little Italy / SoHo)", "license_type": "Roadway", "business_name": "BALZEM", "license_status": "Issued", "street_name": "MOTT", "dist_subway_m": 169.43756337811897, "complaints_clean": 1, "experience_type": "High access, low friction" }, "geometry": { "type": "Point", "coordinates": [ -73.995548196847992, 40.721373890009012 ] } },
{ "type": "Feature", "properties": { "corridor_type": "scattered", "neighbor_count": 0, "corridor_label_clean": "Mulberry St (Little Italy / SoHo)", "license_type": "Roadway", "business_name": "CAFE SELECT", "license_status": "Issued", "street_name": "LAFAYETTE", "dist_subway_m": 69.68209243737931, "complaints_clean": 18, "experience_type": "Mixed conditions" }, "geometry": { "type": "Point", "coordinates": [ -73.997590095253003, 40.721774687104997 ] } },
{ "type": "Feature", "properties": { "corridor_type": "scattered", "neighbor_count": 0, "corridor_label_clean": "Mulberry St (Little Italy / SoHo)", "license_type": "Roadway", "business_name": "AIME LEON DORE SOHO", "license_status": "Issued", "street_name": "MULBERRY", "dist_subway_m": 83.170774175847626, "complaints_clean": 20, "experience_type": "Mixed conditions" }, "geometry": { "type": "Point", "coordinates": [ -73.996175877837004, 40.722153426536991 ] } },
{ "type": "Feature", "properties": { "corridor_type": "scattered", "neighbor_count": 0, "corridor_label_clean": "Mulberry St (Little Italy / SoHo)", "license_type": "Roadway", "business_name": "BALTHAZAR", "license_status": "Issued", "street_name": "SPRING", "dist_subway_m": 93.185431098597562, "complaints_clean": 1, "experience_type": "High access, low friction" }, "geometry": { "type": "Point", "coordinates": [ -73.99810956926099, 40.722702428119987 ] } },
{ "type": "Feature", "properties": { "corridor_type": "scattered", "neighbor_count": 0, "corridor_label_clean": "Mulberry St (Little Italy / SoHo)", "license_type": "Roadway", "business_name": "THE GREY DOG", "license_status": "Issued", "street_name": "MULBERRY", "dist_subway_m": 132.99455165280139, "complaints_clean": 9, "experience_type": "Mixed conditions" }, "geometry": { "type": "Point", "coordinates": [ -73.995843921174981, 40.722979589862014 ] } },
{ "type": "Feature", "properties": { "corridor_type": "scattered", "neighbor_count": 0, "corridor_label_clean": "Mulberry St (Little Italy / SoHo)", "license_type": "Roadway", "business_name": "LA PECORA BIANCA", "license_status": "Issued", "street_name": "LAFAYETTE", "dist_subway_m": 129.49988318411789, "complaints_clean": 15, "experience_type": "Mixed conditions" }, "geometry": { "type": "Point", "coordinates": [ -73.996590688538006, 40.72352582309901 ] } },
{ "type": "Feature", "properties": { "corridor_type": "scattered", "neighbor_count": 0, "corridor_label_clean": null, "license_type": "Sidewalk", "business_name": "BLUE HAVEN", "license_status": "Issued", "street_name": "HOUSTON", "dist_subway_m": 282.11440486689241, "complaints_clean": 2, "experience_type": "High access, low friction" }, "geometry": { "type": "Point", "coordinates": [ -74.000739628620991, 40.727343841456999 ] } },
{ "type": "Feature", "properties": { "corridor_type": "scattered", "neighbor_count": 0, "corridor_label_clean": null, "license_type": "Roadway", "business_name": "BAR MOGA", "license_status": "Issued", "street_name": "HOUSTON", "dist_subway_m": 258.66894674344269, "complaints_clean": 8, "experience_type": "Mixed conditions" }, "geometry": { "type": "Point", "coordinates": [ -74.001270001449001, 40.727604589578014 ] } },
{ "type": "Feature", "properties": { "corridor_type": "corridor", "neighbor_count": 2, "corridor_label_clean": null, "license_type": "Roadway", "business_name": "LEON'S BAGELS", "license_status": "Issued", "street_name": "THOMPSON", "dist_subway_m": 328.01044154972305, "complaints_clean": 10, "experience_type": "Mixed conditions" }, "geometry": { "type": "Point", "coordinates": [ -74.000335540377989, 40.727648512373008 ] } },
{ "type": "Feature", "properties": { "corridor_type": "corridor", "neighbor_count": 2, "corridor_label_clean": null, "license_type": "Roadway", "business_name": "LUPA OSTERIA ROMANA", "license_status": "Issued", "street_name": "THOMPSON", "dist_subway_m": 332.24345905179104, "complaints_clean": 10, "experience_type": "Mixed conditions" }, "geometry": { "type": "Point", "coordinates": [ -74.000292244929994, 40.727667725853003 ] } },
{ "type": "Feature", "properties": { "corridor_type": "corridor", "neighbor_count": 2, "corridor_label_clean": null, "license_type": "Roadway", "business_name": "POPUP BAGELS", "license_status": "Issued", "street_name": "THOMPSON", "dist_subway_m": 345.97875184137882, "complaints_clean": 10, "experience_type": "Mixed conditions" }, "geometry": { "type": "Point", "coordinates": [ -74.000205654255993, 40.727802219570002 ] } },
{ "type": "Feature", "properties": { "corridor_type": "corridor", "neighbor_count": 2, "corridor_label_clean": null, "license_type": "Roadway", "business_name": "PECULIAR PUB", "license_status": "Issued", "street_name": "BLEECKER", "dist_subway_m": 404.9342960937978, "complaints_clean": 6, "experience_type": "Low access, high friction" }, "geometry": { "type": "Point", "coordinates": [ -73.999155730482002, 40.728170015272973 ] } },
{ "type": "Feature", "properties": { "corridor_type": "corridor", "neighbor_count": 2, "corridor_label_clean": null, "license_type": "Roadway", "business_name": "WICKED WILLY'S", "license_status": "Issued", "street_name": "BLEECKER", "dist_subway_m": 424.14393548290138, "complaints_clean": 12, "experience_type": "Low access, high friction" }, "geometry": { "type": "Point", "coordinates": [ -73.999357776931987, 40.728268828151009 ] } },
{ "type": "Feature", "properties": { "corridor_type": "corridor", "neighbor_count": 2, "corridor_label_clean": null, "license_type": "Roadway", "business_name": "THE RED LION", "license_status": "Issued", "street_name": "BLEECKER", "dist_subway_m": 429.74392214182666, "complaints_clean": 12, "experience_type": "Low access, high friction" }, "geometry": { "type": "Point", "coordinates": [ -73.999458800382996, 40.728318234455983 ] } },
{ "type": "Feature", "properties": { "corridor_type": "scattered", "neighbor_count": 0, "corridor_label_clean": null, "license_type": "Roadway", "business_name": "TRE GIOVANI", "license_status": "Issued", "street_name": "LA GUARDIA", "dist_subway_m": 428.72541150529901, "complaints_clean": 3, "experience_type": "Mixed conditions" }, "geometry": { "type": "Point", "coordinates": [ -73.998325876930991, 40.728804047051 ] } },
{ "type": "Feature", "properties": { "corridor_type": "scattered", "neighbor_count": 0, "corridor_label_clean": null, "license_type": "Roadway", "business_name": "DEBUTEA", "license_status": "Issued", "street_name": "THOMPSON", "dist_subway_m": 384.6052551407019, "complaints_clean": 30, "experience_type": "Mixed conditions" }, "geometry": { "type": "Point", "coordinates": [ -73.999173759803995, 40.729023637543996 ] } },
{ "type": "Feature", "properties": { "corridor_type": "corridor", "neighbor_count": 1, "corridor_label_clean": null, "license_type": "Roadway", "business_name": "TARTINERY", "license_status": "Issued", "street_name": "3", "dist_subway_m": 326.11641006828518, "complaints_clean": 10, "experience_type": "Mixed conditions" }, "geometry": { "type": "Point", "coordinates": [ -73.998722741758016, 40.729729038156982 ] } },
{ "type": "Feature", "properties": { "corridor_type": "scattered", "neighbor_count": 0, "corridor_label_clean": null, "license_type": "Roadway", "business_name": "WESTVILLE", "license_status": "Issued", "street_name": "HUDSON", "dist_subway_m": 217.90042881272745, "complaints_clean": 3, "experience_type": "High access, low friction" }, "geometry": { "type": "Point", "coordinates": [ -74.007378210775002, 40.727022468914008 ] } },
{ "type": "Feature", "properties": { "corridor_type": "scattered", "neighbor_count": 0, "corridor_label_clean": null, "license_type": "Sidewalk", "business_name": "ROSCIOLI NYC", "license_status": "Issued", "street_name": "MAC DOUGAL", "dist_subway_m": 191.08172364839345, "complaints_clean": 13, "experience_type": "Mixed conditions" }, "geometry": { "type": "Point", "coordinates": [ -74.002475061484006, 40.727653975692014 ] } },
{ "type": "Feature", "properties": { "corridor_type": "scattered", "neighbor_count": 0, "corridor_label_clean": null, "license_type": "Roadway", "business_name": "THE GREY DOG", "license_status": "Issued", "street_name": "CARMINE", "dist_subway_m": 231.43398717985525, "complaints_clean": 30, "experience_type": "Mixed conditions" }, "geometry": { "type": "Point", "coordinates": [ -74.003737975924992, 40.72992660747601 ] } },
{ "type": "Feature", "properties": { "corridor_type": "corridor", "neighbor_count": 1, "corridor_label_clean": null, "license_type": "Roadway", "business_name": "THE CLAM", "license_status": "Issued", "street_name": "HUDSON", "dist_subway_m": 270.76553386581367, "complaints_clean": 30, "experience_type": "Mixed conditions" }, "geometry": { "type": "Point", "coordinates": [ -74.006808507657993, 40.730428758385003 ] } },
{ "type": "Feature", "properties": { "corridor_type": "corridor", "neighbor_count": 1, "corridor_label_clean": null, "license_type": "Roadway", "business_name": "LELABAR", "license_status": "Issued", "street_name": "HUDSON", "dist_subway_m": 275.4082771091044, "complaints_clean": 30, "experience_type": "Mixed conditions" }, "geometry": { "type": "Point", "coordinates": [ -74.006801296496008, 40.730478164589009 ] } },
{ "type": "Feature", "properties": { "corridor_type": "scattered", "neighbor_count": 0, "corridor_label_clean": null, "license_type": "Roadway", "business_name": "PALMA", "license_status": "Issued", "street_name": "CORNELIA", "dist_subway_m": 172.38558739178674, "complaints_clean": 30, "experience_type": "Mixed conditions" }, "geometry": { "type": "Point", "coordinates": [ -74.002132425859983, 40.731411566573009 ] } },
{ "type": "Feature", "properties": { "corridor_type": "scattered", "neighbor_count": 0, "corridor_label_clean": null, "license_type": "Sidewalk", "business_name": "BLIND TIGER", "license_status": "Issued", "street_name": "BLEECKER", "dist_subway_m": 185.55960421819282, "complaints_clean": 11, "experience_type": "Mixed conditions" }, "geometry": { "type": "Point", "coordinates": [ -74.003308706172007, 40.731779337194993 ] } },
{ "type": "Feature", "properties": { "corridor_type": "scattered", "neighbor_count": 0, "corridor_label_clean": null, "license_type": "Roadway", "business_name": "MALATESTA TRATTORIA", "license_status": "Issued", "street_name": "WASHINGTON", "dist_subway_m": 487.85371639345368, "complaints_clean": 2, "experience_type": "Mixed conditions" }, "geometry": { "type": "Point", "coordinates": [ -74.008612864661004, 40.732747963592992 ] } },
{ "type": "Feature", "properties": { "corridor_type": "scattered", "neighbor_count": 0, "corridor_label_clean": null, "license_type": "Roadway", "business_name": "BUVETTE", "license_status": "Issued", "street_name": "GROVE", "dist_subway_m": 147.30339685941823, "complaints_clean": 19, "experience_type": "Mixed conditions" }, "geometry": { "type": "Point", "coordinates": [ -74.004416484337, 40.732759180971009 ] } },
{ "type": "Feature", "properties": { "corridor_type": "corridor", "neighbor_count": 1, "corridor_label_clean": null, "license_type": "Roadway", "business_name": "AMITY HALL", "license_status": "Issued", "street_name": "3", "dist_subway_m": 321.04577431097664, "complaints_clean": 10, "experience_type": "Mixed conditions" }, "geometry": { "type": "Point", "coordinates": [ -73.998784078515001, 40.729756486477996 ] } },
{ "type": "Feature", "properties": { "corridor_type": "scattered", "neighbor_count": 0, "corridor_label_clean": null, "license_type": "Roadway", "business_name": "OFF THE WAGON", "license_status": "Issued", "street_name": "MAC DOUGAL", "dist_subway_m": 286.8900315579553, "complaints_clean": 20, "experience_type": "Mixed conditions" }, "geometry": { "type": "Point", "coordinates": [ -74.000699966699997, 40.729759235551988 ] } },
{ "type": "Feature", "properties": { "corridor_type": "scattered", "neighbor_count": 0, "corridor_label_clean": null, "license_type": "Roadway", "business_name": "MAMOUN FALAFEL", "license_status": "Issued", "street_name": "MAC DOUGAL", "dist_subway_m": 237.74806530584976, "complaints_clean": 30, "experience_type": "Mixed conditions" }, "geometry": { "type": "Point", "coordinates": [ -74.000321120880997, 40.730201144471998 ] } },
{ "type": "Feature", "properties": { "corridor_type": "scattered", "neighbor_count": 0, "corridor_label_clean": null, "license_type": "Roadway", "business_name": "CHEZ NOUS", "license_status": "Issued", "street_name": "8", "dist_subway_m": 316.88158709721404, "complaints_clean": 2, "experience_type": "High access, low friction" }, "geometry": { "type": "Point", "coordinates": [ -73.996745385119993, 40.732421613743007 ] } },
{ "type": "Feature", "properties": { "corridor_type": "scattered", "neighbor_count": 0, "corridor_label_clean": null, "license_type": "Sidewalk", "business_name": "OLIO E PIU", "license_status": "Issued", "street_name": "GREENWICH", "dist_subway_m": 191.24648857466988, "complaints_clean": 30, "experience_type": "Mixed conditions" }, "geometry": { "type": "Point", "coordinates": [ -73.999635561441991, 40.733931279931006 ] } },
{ "type": "Feature", "properties": { "corridor_type": "corridor", "neighbor_count": 1, "corridor_label_clean": null, "license_type": "Roadway", "business_name": "4 CHARLES PRIME RIB", "license_status": "Issued", "street_name": "CHARLES", "dist_subway_m": 269.68229931245662, "complaints_clean": 26, "experience_type": "Mixed conditions" }, "geometry": { "type": "Point", "coordinates": [ -74.000647987238992, 40.735138822688988 ] } },
{ "type": "Feature", "properties": { "corridor_type": "corridor", "neighbor_count": 1, "corridor_label_clean": null, "license_type": "Roadway", "business_name": "WOGIES", "license_status": "Issued", "street_name": "GREENWICH", "dist_subway_m": 270.99237219868803, "complaints_clean": 30, "experience_type": "Mixed conditions" }, "geometry": { "type": "Point", "coordinates": [ -74.000422180685987, 40.735391494390001 ] } },
{ "type": "Feature", "properties": { "corridor_type": "scattered", "neighbor_count": 0, "corridor_label_clean": null, "license_type": "Roadway", "business_name": "DA ANDREA", "license_status": "Issued", "street_name": "13", "dist_subway_m": 203.42764154656646, "complaints_clean": 4, "experience_type": "Mixed conditions" }, "geometry": { "type": "Point", "coordinates": [ -73.99538123942898, 40.735847033040031 ] } },
{ "type": "Feature", "properties": { "corridor_type": "scattered", "neighbor_count": 0, "corridor_label_clean": null, "license_type": "Roadway", "business_name": "TALEA BEER", "license_status": "Issued", "street_name": "CHRISTOPHER", "dist_subway_m": 165.4727121911537, "complaints_clean": 20, "experience_type": "Mixed conditions" }, "geometry": { "type": "Point", "coordinates": [ -74.004856728033005, 40.733286158011012 ] } },
{ "type": "Feature", "properties": { "corridor_type": "corridor", "neighbor_count": 1, "corridor_label_clean": null, "license_type": "Roadway", "business_name": "MADMAN ESPRESSO & BAKERY", "license_status": "Issued", "street_name": "BLEECKER", "dist_subway_m": 122.61883714459519, "complaints_clean": 6, "experience_type": "Mixed conditions" }, "geometry": { "type": "Point", "coordinates": [ -74.004351586061006, 40.733522228047008 ] } },
{ "type": "Feature", "properties": { "corridor_type": "corridor", "neighbor_count": 1, "corridor_label_clean": null, "license_type": "Roadway", "business_name": "SAINT THEO'S", "license_status": "Issued", "street_name": "BLEECKER", "dist_subway_m": 133.51302925475974, "complaints_clean": 4, "experience_type": "Mixed conditions" }, "geometry": { "type": "Point", "coordinates": [ -74.004438197818999, 40.733717103017995 ] } },
{ "type": "Feature", "properties": { "corridor_type": "scattered", "neighbor_count": 0, "corridor_label_clean": null, "license_type": "Sidewalk", "business_name": "LITTLE RUBYS CAFE", "license_status": "Issued", "street_name": "4", "dist_subway_m": 34.192484816436156, "complaints_clean": 4, "experience_type": "Mixed conditions" }, "geometry": { "type": "Point", "coordinates": [ -74.002803642154007, 40.733719899376993 ] } },
{ "type": "Feature", "properties": { "corridor_type": "scattered", "neighbor_count": 0, "corridor_label_clean": null, "license_type": "Roadway", "business_name": "WEST10WEST", "license_status": "Issued", "street_name": "10", "dist_subway_m": 238.19897388100128, "complaints_clean": 8, "experience_type": "Mixed conditions" }, "geometry": { "type": "Point", "coordinates": [ -74.005675850751004, 40.733824094276009 ] } },
{ "type": "Feature", "properties": { "corridor_type": "scattered", "neighbor_count": 0, "corridor_label_clean": null, "license_type": "Roadway", "business_name": "L'ARTUSI / VIA PORTA", "license_status": "Issued", "street_name": "HUDSON", "dist_subway_m": 288.00300093545661, "complaints_clean": 11, "experience_type": "Mixed conditions" }, "geometry": { "type": "Point", "coordinates": [ -74.006256793765985, 40.733900917468979 ] } },
{ "type": "Feature", "properties": { "corridor_type": "scattered", "neighbor_count": 0, "corridor_label_clean": null, "license_type": "Roadway", "business_name": "L'ARTUSI", "license_status": "Issued", "street_name": "10", "dist_subway_m": 198.85470096983775, "complaints_clean": 5, "experience_type": "Mixed conditions" }, "geometry": { "type": "Point", "coordinates": [ -74.005174303497995, 40.733900971403997 ] } },
{ "type": "Feature", "properties": { "corridor_type": "scattered", "neighbor_count": 0, "corridor_label_clean": null, "license_type": "Roadway", "business_name": "EMPELLON", "license_status": "Issued", "street_name": "4", "dist_subway_m": 76.723632072683614, "complaints_clean": 11, "experience_type": "Mixed conditions" }, "geometry": { "type": "Point", "coordinates": [ -74.002940774603999, 40.734112397275005 ] } },
{ "type": "Feature", "properties": { "corridor_type": "scattered", "neighbor_count": 0, "corridor_label_clean": null, "license_type": "Roadway", "business_name": "LEITAO", "license_status": "Issued", "street_name": "HUDSON", "dist_subway_m": 319.65552169872296, "complaints_clean": 15, "experience_type": "Mixed conditions" }, "geometry": { "type": "Point", "coordinates": [ -74.006108950431994, 40.734954914987014 ] } },
{ "type": "Feature", "properties": { "corridor_type": "scattered", "neighbor_count": 0, "corridor_label_clean": null, "license_type": "Sidewalk", "business_name": "PARTNERS COFFEE", "license_status": "Issued", "street_name": "CHARLES", "dist_subway_m": 183.44641503403744, "complaints_clean": 1, "experience_type": "High access, low friction" }, "geometry": { "type": "Point", "coordinates": [ -74.002294917621001, 40.735007205214004 ] } },
{ "type": "Feature", "properties": { "corridor_type": "scattered", "neighbor_count": 0, "corridor_label_clean": null, "license_type": "Sidewalk", "business_name": "SOGNO TOSCANO", "license_status": "Issued", "street_name": "PERRY", "dist_subway_m": 262.85371051309505, "complaints_clean": 7, "experience_type": "Mixed conditions" }, "geometry": { "type": "Point", "coordinates": [ -74.002121738840003, 40.735712612957023 ] } },
{ "type": "Feature", "properties": { "corridor_type": "scattered", "neighbor_count": 0, "corridor_label_clean": null, "license_type": "Roadway", "business_name": "WHITE HORSE TAVERN", "license_status": "Issued", "street_name": "HUDSON", "dist_subway_m": 365.57645873586182, "complaints_clean": 30, "experience_type": "Mixed conditions" }, "geometry": { "type": "Point", "coordinates": [ -74.005986336556006, 40.735734434497004 ] } },
{ "type": "Feature", "properties": { "corridor_type": "scattered", "neighbor_count": 0, "corridor_label_clean": null, "license_type": "Roadway", "business_name": "THE MARY LANE", "license_status": "Issued", "street_name": "BANK", "dist_subway_m": 453.22758584932609, "complaints_clean": 4, "experience_type": "Low access, high friction" }, "geometry": { "type": "Point", "coordinates": [ -74.006502408016004, 40.736450789832013 ] } },
{ "type": "Feature", "properties": { "corridor_type": "scattered", "neighbor_count": 0, "corridor_label_clean": null, "license_type": "Roadway", "business_name": "MALAPARTE", "license_status": "Issued", "street_name": "WASHINGTON", "dist_subway_m": 579.81513365839578, "complaints_clean": 7, "experience_type": "Low access, high friction" }, "geometry": { "type": "Point", "coordinates": [ -74.008248940491001, 40.736834944495016 ] } },
{ "type": "Feature", "properties": { "corridor_type": "scattered", "neighbor_count": 0, "corridor_label_clean": null, "license_type": "Roadway", "business_name": "ST. TROPEZ", "license_status": "Issued", "street_name": "4", "dist_subway_m": 314.57766718816225, "complaints_clean": 19, "experience_type": "Mixed conditions" }, "geometry": { "type": "Point", "coordinates": [ -74.003760024616, 40.736991630989984 ] } },
{ "type": "Feature", "properties": { "corridor_type": "scattered", "neighbor_count": 0, "corridor_label_clean": null, "license_type": "Roadway", "business_name": "ENTWINE", "license_status": "Issued", "street_name": "WASHINGTON", "dist_subway_m": 544.29615417075524, "complaints_clean": 4, "experience_type": "Low access, high friction" }, "geometry": { "type": "Point", "coordinates": [ -74.008205707509987, 40.737389389895007 ] } },
{ "type": "Feature", "properties": { "corridor_type": "scattered", "neighbor_count": 0, "corridor_label_clean": null, "license_type": "Sidewalk", "business_name": "CAFE CLUNY", "license_status": "Issued", "street_name": "12", "dist_subway_m": 277.30131665928894, "complaints_clean": 1, "experience_type": "High access, low friction" }, "geometry": { "type": "Point", "coordinates": [ -74.004009041464982, 40.737529596265986 ] } },
{ "type": "Feature", "properties": { "corridor_type": "corridor", "neighbor_count": 1, "corridor_label_clean": null, "license_type": "Roadway", "business_name": "SAN SABINO", "license_status": "Issued", "street_name": "GREENWICH", "dist_subway_m": 154.22730132152182, "complaints_clean": 9, "experience_type": "Mixed conditions" }, "geometry": { "type": "Point", "coordinates": [ -74.002002732220021, 40.738051153937 ] } },
{ "type": "Feature", "properties": { "corridor_type": "scattered", "neighbor_count": 0, "corridor_label_clean": null, "license_type": "Sidewalk", "business_name": "ARISTON FLOWERS & CAFE", "license_status": "Issued", "street_name": "5", "dist_subway_m": 276.44717715628173, "complaints_clean": 0, "experience_type": "High access, low friction" }, "geometry": { "type": "Point", "coordinates": [ -73.993840463018998, 40.735704232923005 ] } },
{ "type": "Feature", "properties": { "corridor_type": "scattered", "neighbor_count": 0, "corridor_label_clean": null, "license_type": "Roadway", "business_name": "BREADS BAKERY", "license_status": "Issued", "street_name": "16", "dist_subway_m": 202.4076599288729, "complaints_clean": 14, "experience_type": "Mixed conditions" }, "geometry": { "type": "Point", "coordinates": [ -73.992151566806001, 40.737103959456014 ] } },
{ "type": "Feature", "properties": { "corridor_type": "scattered", "neighbor_count": 0, "corridor_label_clean": null, "license_type": "Roadway", "business_name": "OLD TOWN BAR", "license_status": "Issued", "street_name": "18", "dist_subway_m": 220.61218064142068, "complaints_clean": 2, "experience_type": "High access, low friction" }, "geometry": { "type": "Point", "coordinates": [ -73.989647208522001, 40.737595073509993 ] } },
{ "type": "Feature", "properties": { "corridor_type": "scattered", "neighbor_count": 0, "corridor_label_clean": null, "license_type": "Roadway", "business_name": "L'EXPRESS", "license_status": "Issued", "street_name": "PARK", "dist_subway_m": 209.30084583259375, "complaints_clean": 8, "experience_type": "Mixed conditions" }, "geometry": { "type": "Point", "coordinates": [ -73.987799541632995, 40.738215208484995 ] } },
{ "type": "Feature", "properties": { "corridor_type": "corridor", "neighbor_count": 1, "corridor_label_clean": null, "license_type": "Roadway", "business_name": "GRAMERCY TAVERN", "license_status": "Issued", "street_name": "20", "dist_subway_m": 234.24030698401364, "complaints_clean": 7, "experience_type": "Mixed conditions" }, "geometry": { "type": "Point", "coordinates": [ -73.989026339752996, 40.738843883246986 ] } },
{ "type": "Feature", "properties": { "corridor_type": "corridor", "neighbor_count": 1, "corridor_label_clean": null, "license_type": "Roadway", "business_name": "MARI VANNA", "license_status": "Issued", "street_name": "20", "dist_subway_m": 234.25015548484052, "complaints_clean": 7, "experience_type": "Mixed conditions" }, "geometry": { "type": "Point", "coordinates": [ -73.989047986188979, 40.738874077713 ] } },
{ "type": "Feature", "properties": { "corridor_type": "scattered", "neighbor_count": 0, "corridor_label_clean": null, "license_type": "Roadway", "business_name": "MITI MITI TAPERIA", "license_status": "Issued", "street_name": "5", "dist_subway_m": 321.65647082741538, "complaints_clean": 0, "experience_type": "High access, low friction" }, "geometry": { "type": "Point", "coordinates": [ -73.991505417587007, 40.738918202208005 ] } },
{ "type": "Feature", "properties": { "corridor_type": "scattered", "neighbor_count": 0, "corridor_label_clean": null, "license_type": "Roadway", "business_name": "ALL'ANTICO VINAIO", "license_status": "Issued", "street_name": "BROADWAY", "dist_subway_m": 216.62691434402268, "complaints_clean": 0, "experience_type": "High access, low friction" }, "geometry": { "type": "Point", "coordinates": [ -73.989123049645983, 40.743246492273002 ] } },
{ "type": "Feature", "properties": { "corridor_type": "scattered", "neighbor_count": 0, "corridor_label_clean": null, "license_type": "Roadway", "business_name": "DON ANGIE", "license_status": "Issued", "street_name": "GREENWICH", "dist_subway_m": 137.03349476836871, "complaints_clean": 0, "experience_type": "High access, low friction" }, "geometry": { "type": "Point", "coordinates": [ -74.001818688642999, 40.737732764415995 ] } },
{ "type": "Feature", "properties": { "corridor_type": "scattered", "neighbor_count": 0, "corridor_label_clean": null, "license_type": "Sidewalk", "business_name": "HUMMUS & PITA CO", "license_status": "Issued", "street_name": "OF THE AMERICAS", "dist_subway_m": 101.01798261861926, "complaints_clean": 1, "experience_type": "High access, low friction" }, "geometry": { "type": "Point", "coordinates": [ -73.99563361880999, 40.739025479376984 ] } },
{ "type": "Feature", "properties": { "corridor_type": "scattered", "neighbor_count": 0, "corridor_label_clean": null, "license_type": "Roadway", "business_name": "THE GREY DOG", "license_status": "Issued", "street_name": "16", "dist_subway_m": 152.92286935291753, "complaints_clean": 0, "experience_type": "High access, low friction" }, "geometry": { "type": "Point", "coordinates": [ -73.999996391344979, 40.740406178389016 ] } },
{ "type": "Feature", "properties": { "corridor_type": "corridor", "neighbor_count": 1, "corridor_label_clean": null, "license_type": "Sidewalk", "business_name": "CHELSEA RISTORANTE", "license_status": "Issued", "street_name": "8", "dist_subway_m": 27.047093460345486, "complaints_clean": 2, "experience_type": "High access, low friction" }, "geometry": { "type": "Point", "coordinates": [ -74.001833203947001, 40.740675150523984 ] } },
{ "type": "Feature", "properties": { "corridor_type": "corridor", "neighbor_count": 1, "corridor_label_clean": null, "license_type": "Roadway", "business_name": "JACK'S WIFE FREDA", "license_status": "Issued", "street_name": "8", "dist_subway_m": 2.247932166677987, "complaints_clean": 2, "experience_type": "High access, low friction" }, "geometry": { "type": "Point", "coordinates": [ -74.001688862207999, 40.740872775676998 ] } },
{ "type": "Feature", "properties": { "corridor_type": "scattered", "neighbor_count": 0, "corridor_label_clean": null, "license_type": "Sidewalk", "business_name": "GLUR", "license_status": "Issued", "street_name": "19", "dist_subway_m": 165.02001699505635, "complaints_clean": 2, "experience_type": "High access, low friction" }, "geometry": { "type": "Point", "coordinates": [ -73.995918576079006, 40.740985250790999 ] } },
{ "type": "Feature", "properties": { "corridor_type": "scattered", "neighbor_count": 0, "corridor_label_clean": null, "license_type": "Roadway", "business_name": "BEER RUN", "license_status": "Issued", "street_name": "19", "dist_subway_m": 84.672551177732615, "complaints_clean": 14, "experience_type": "Mixed conditions" }, "geometry": { "type": "Point", "coordinates": [ -73.997798674470999, 40.741800496846004 ] } },
{ "type": "Feature", "properties": { "corridor_type": "scattered", "neighbor_count": 0, "corridor_label_clean": null, "license_type": "Sidewalk", "business_name": "THE SLEEPING CAT", "license_status": "Issued", "street_name": "7", "dist_subway_m": 115.69369491460475, "complaints_clean": 4, "experience_type": "Mixed conditions" }, "geometry": { "type": "Point", "coordinates": [ -73.997214053698983, 40.74195419085401 ] } },
{ "type": "Feature", "properties": { "corridor_type": "corridor", "neighbor_count": 1, "corridor_label_clean": null, "license_type": "Roadway", "business_name": "SHAFFER'S", "license_status": "Issued", "street_name": "8", "dist_subway_m": 134.56638057258735, "complaints_clean": 1, "experience_type": "High access, low friction" }, "geometry": { "type": "Point", "coordinates": [ -74.000927445892998, 40.741956965693994 ] } },
{ "type": "Feature", "properties": { "corridor_type": "corridor", "neighbor_count": 1, "corridor_label_clean": null, "license_type": "Roadway", "business_name": "DA ANDREA RISTORANTE", "license_status": "Issued", "street_name": "8", "dist_subway_m": 160.70517107535855, "complaints_clean": 7, "experience_type": "Mixed conditions" }, "geometry": { "type": "Point", "coordinates": [ -74.000757837422, 40.742154589856021 ] } },
{ "type": "Feature", "properties": { "corridor_type": "corridor", "neighbor_count": 2, "corridor_label_clean": null, "license_type": "Roadway", "business_name": "TEA & SYMPATHY", "license_status": "Issued", "street_name": "GREENWICH", "dist_subway_m": 162.71839457722831, "complaints_clean": 14, "experience_type": "Mixed conditions" }, "geometry": { "type": "Point", "coordinates": [ -74.002154299954981, 40.738347585660009 ] } },
{ "type": "Feature", "properties": { "corridor_type": "corridor", "neighbor_count": 1, "corridor_label_clean": null, "license_type": "Roadway", "business_name": "A SALT & BATTERY", "license_status": "Issued", "street_name": "GREENWICH", "dist_subway_m": 147.7279342156034, "complaints_clean": 19, "experience_type": "Mixed conditions" }, "geometry": { "type": "Point", "coordinates": [ -74.002226475043983, 40.738473843405998 ] } },
{ "type": "Feature", "properties": { "corridor_type": "scattered", "neighbor_count": 0, "corridor_label_clean": null, "license_type": "Sidewalk", "business_name": "PEPE GIALLO", "license_status": "Issued", "street_name": "10", "dist_subway_m": 582.92600258432219, "complaints_clean": 1, "experience_type": "Mixed conditions" }, "geometry": { "type": "Point", "coordinates": [ -74.004850496296996, 40.746762945522995 ] } },
{ "type": "Feature", "properties": { "corridor_type": "scattered", "neighbor_count": 0, "corridor_label_clean": null, "license_type": "Sidewalk", "business_name": "HAV & MAR RESTAURANT", "license_status": "Issued", "street_name": "26", "dist_subway_m": 647.69116399866198, "complaints_clean": 0, "experience_type": "Mixed conditions" }, "geometry": { "type": "Point", "coordinates": [ -74.005955224, 40.750926696186994 ] } },
{ "type": "Feature", "properties": { "corridor_type": "scattered", "neighbor_count": 0, "corridor_label_clean": null, "license_type": "Roadway", "business_name": "JUNGLE BIRD", "license_status": "Issued", "street_name": "8", "dist_subway_m": 227.70086534997773, "complaints_clean": 10, "experience_type": "Mixed conditions" }, "geometry": { "type": "Point", "coordinates": [ -74.000371704162987, 40.742681586184013 ] } },
{ "type": "Feature", "properties": { "corridor_type": "scattered", "neighbor_count": 0, "corridor_label_clean": null, "license_type": "Sidewalk", "business_name": "KONA COFFEE ROASTERS", "license_status": "Issued", "street_name": "21", "dist_subway_m": 163.53641977297832, "complaints_clean": 0, "experience_type": "High access, low friction" }, "geometry": { "type": "Point", "coordinates": [ -73.996889220770996, 40.742945041818999 ] } },
{ "type": "Feature", "properties": { "corridor_type": "scattered", "neighbor_count": 0, "corridor_label_clean": null, "license_type": "Sidewalk", "business_name": "MARSANNE NYC", "license_status": "Issued", "street_name": "8", "dist_subway_m": 180.70579891042615, "complaints_clean": 22, "experience_type": "Mixed conditions" }, "geometry": { "type": "Point", "coordinates": [ -73.999083345409986, 40.744484892006 ] } },
{ "type": "Feature", "properties": { "corridor_type": "scattered", "neighbor_count": 0, "corridor_label_clean": null, "license_type": "Roadway", "business_name": "SHUKETTE", "license_status": "Issued", "street_name": "9", "dist_subway_m": 273.06555159971043, "complaints_clean": 30, "experience_type": "Mixed conditions" }, "geometry": { "type": "Point", "coordinates": [ -74.000808421098995, 40.747177504204004 ] } },
{ "type": "Feature", "properties": { "corridor_type": "scattered", "neighbor_count": 0, "corridor_label_clean": null, "license_type": "Sidewalk", "business_name": "CHÂTEAU 49", "license_status": "Issued", "street_name": "2", "dist_subway_m": 364.73797385221138, "complaints_clean": 3, "experience_type": "High access, low friction" }, "geometry": { "type": "Point", "coordinates": [ -73.968948258633006, 40.754268512125002 ] } },
{ "type": "Feature", "properties": { "corridor_type": "scattered", "neighbor_count": 0, "corridor_label_clean": null, "license_type": "Roadway", "business_name": "BAROLO EAST", "license_status": "Issued", "street_name": "49", "dist_subway_m": 262.60823086599169, "complaints_clean": 0, "experience_type": "High access, low friction" }, "geometry": { "type": "Point", "coordinates": [ -73.970662429016997, 40.754944174131992 ] } },
{ "type": "Feature", "properties": { "corridor_type": "scattered", "neighbor_count": 0, "corridor_label_clean": null, "license_type": "Roadway", "business_name": "AVRA ESTIATORIO", "license_status": "Issued", "street_name": "48", "dist_subway_m": 241.09818222430431, "complaints_clean": 0, "experience_type": "High access, low friction" }, "geometry": { "type": "Point", "coordinates": [ -73.972773917181996, 40.755035271610993 ] } },
{ "type": "Feature", "properties": { "corridor_type": "scattered", "neighbor_count": 0, "corridor_label_clean": null, "license_type": "Roadway", "business_name": "LA PECORA BIANCA", "license_status": "Issued", "street_name": "2", "dist_subway_m": 278.34787723554109, "complaints_clean": 10, "experience_type": "Mixed conditions" }, "geometry": { "type": "Point", "coordinates": [ -73.968337869202998, 40.755105497113995 ] } },
{ "type": "Feature", "properties": { "corridor_type": "scattered", "neighbor_count": 0, "corridor_label_clean": null, "license_type": "Sidewalk", "business_name": "LITTLE ITALY PIZZA", "license_status": "Issued", "street_name": "68", "dist_subway_m": 348.82761470800466, "complaints_clean": 5, "experience_type": "Mixed conditions" }, "geometry": { "type": "Point", "coordinates": [ -73.958892596623983, 40.765678057521001 ] } },
{ "type": "Feature", "properties": { "corridor_type": "scattered", "neighbor_count": 0, "corridor_label_clean": null, "license_type": "Sidewalk", "business_name": "KOSSAR'S - MISS WONTON DUMPLING", "license_status": "Issued", "street_name": "75", "dist_subway_m": 499.03058215726082, "complaints_clean": 0, "experience_type": "Mixed conditions" }, "geometry": { "type": "Point", "coordinates": [ -73.952518525167989, 40.768988519305012 ] } },
{ "type": "Feature", "properties": { "corridor_type": "scattered", "neighbor_count": 0, "corridor_label_clean": null, "license_type": "Sidewalk", "business_name": "LE MOULIN A CAFE", "license_status": "Issued", "street_name": "YORK", "dist_subway_m": 578.34841478829696, "complaints_clean": 1, "experience_type": "Mixed conditions" }, "geometry": { "type": "Point", "coordinates": [ -73.951676828725994, 40.769699059978009 ] } },
{ "type": "Feature", "properties": { "corridor_type": "scattered", "neighbor_count": 0, "corridor_label_clean": "2nd Ave (Upper East Side)", "license_type": "Roadway", "business_name": "A LA TURKA", "license_status": "Issued", "street_name": "2", "dist_subway_m": 151.16227760103106, "complaints_clean": 4, "experience_type": "Mixed conditions" }, "geometry": { "type": "Point", "coordinates": [ -73.957518035216992, 40.769973101491985 ] } },
{ "type": "Feature", "properties": { "corridor_type": "scattered", "neighbor_count": 0, "corridor_label_clean": "2nd Ave (Upper East Side)", "license_type": "Sidewalk", "business_name": "PICK A BAGEL", "license_status": "Issued", "street_name": "2", "dist_subway_m": 371.08021916181963, "complaints_clean": 2, "experience_type": "High access, low friction" }, "geometry": { "type": "Point", "coordinates": [ -73.956141280438985, 40.771855486372012 ] } },
{ "type": "Feature", "properties": { "corridor_type": "scattered", "neighbor_count": 0, "corridor_label_clean": null, "license_type": "Roadway", "business_name": "WATER & WHEAT", "license_status": "Issued", "street_name": "3", "dist_subway_m": 202.21474160559424, "complaints_clean": 3, "experience_type": "High access, low friction" }, "geometry": { "type": "Point", "coordinates": [ -73.957519096997018, 40.773952997869003 ] } },
{ "type": "Feature", "properties": { "corridor_type": "scattered", "neighbor_count": 0, "corridor_label_clean": null, "license_type": "Roadway", "business_name": "KARIZMA LOUNGE", "license_status": "Issued", "street_name": "51", "dist_subway_m": 173.59701840629447, "complaints_clean": 14, "experience_type": "Mixed conditions" }, "geometry": { "type": "Point", "coordinates": [ -73.969275914139999, 40.755997799020996 ] } },
{ "type": "Feature", "properties": { "corridor_type": "scattered", "neighbor_count": 0, "corridor_label_clean": null, "license_type": "Roadway", "business_name": "THE GREATS OF CRAFT", "license_status": "Issued", "street_name": "1", "dist_subway_m": 417.28653826761382, "complaints_clean": 13, "experience_type": "Low access, high friction" }, "geometry": { "type": "Point", "coordinates": [ -73.964402931568998, 40.756284590615991 ] } },
{ "type": "Feature", "properties": { "corridor_type": "scattered", "neighbor_count": 0, "corridor_label_clean": null, "license_type": "Sidewalk", "business_name": "SEA SALT", "license_status": "Issued", "street_name": "1", "dist_subway_m": 567.01640619760758, "complaints_clean": 1, "experience_type": "Mixed conditions" }, "geometry": { "type": "Point", "coordinates": [ -73.960826611744992, 40.761191054722005 ] } },
{ "type": "Feature", "properties": { "corridor_type": "scattered", "neighbor_count": 0, "corridor_label_clean": null, "license_type": "Roadway", "business_name": "RAVAGH PERSIAN GRILL", "license_status": "Issued", "street_name": "1", "dist_subway_m": 579.48864179689849, "complaints_clean": 17, "experience_type": "Low access, high friction" }, "geometry": { "type": "Point", "coordinates": [ -73.960501472960985, 40.761624615108985 ] } },
{ "type": "Feature", "properties": { "corridor_type": "scattered", "neighbor_count": 0, "corridor_label_clean": "2nd Ave (Upper East Side)", "license_type": "Sidewalk", "business_name": "FESTIVAL", "license_status": "Issued", "street_name": "2", "dist_subway_m": 329.7374351693731, "complaints_clean": 0, "experience_type": "High access, low friction" }, "geometry": { "type": "Point", "coordinates": [ -73.963584234171989, 40.761653082302992 ] } },
{ "type": "Feature", "properties": { "corridor_type": "scattered", "neighbor_count": 0, "corridor_label_clean": null, "license_type": "Roadway", "business_name": "PICCOLA CUCINA UPTOWN", "license_status": "Issued", "street_name": "60", "dist_subway_m": 109.26110654299936, "complaints_clean": 1, "experience_type": "High access, low friction" }, "geometry": { "type": "Point", "coordinates": [ -73.968781590752997, 40.763290489620999 ] } },
{ "type": "Feature", "properties": { "corridor_type": "scattered", "neighbor_count": 0, "corridor_label_clean": null, "license_type": "Sidewalk", "business_name": "IL POSTINO RISTORANTE", "license_status": "Issued", "street_name": "61", "dist_subway_m": 114.79913880596065, "complaints_clean": 0, "experience_type": "High access, low friction" }, "geometry": { "type": "Point", "coordinates": [ -73.967662348155997, 40.763646998224992 ] } },
{ "type": "Feature", "properties": { "corridor_type": "scattered", "neighbor_count": 0, "corridor_label_clean": "2nd Ave (Upper East Side)", "license_type": "Sidewalk", "business_name": "BAGEL EXPRESS II", "license_status": "Issued", "street_name": "2", "dist_subway_m": 365.75323499704126, "complaints_clean": 0, "experience_type": "High access, low friction" }, "geometry": { "type": "Point", "coordinates": [ -73.961864623756, 40.763985568121001 ] } },
{ "type": "Feature", "properties": { "corridor_type": "scattered", "neighbor_count": 0, "corridor_label_clean": null, "license_type": "Roadway", "business_name": "ALL'ANTICO VINAIO", "license_status": "Issued", "street_name": "60", "dist_subway_m": 256.73375487110695, "complaints_clean": 21, "experience_type": "Mixed conditions" }, "geometry": { "type": "Point", "coordinates": [ -73.970495974227006, 40.764007324937999 ] } },
{ "type": "Feature", "properties": { "corridor_type": "scattered", "neighbor_count": 0, "corridor_label_clean": null, "license_type": "Roadway", "business_name": "THE FIVE LAMPS", "license_status": "Issued", "street_name": "YORK", "dist_subway_m": 493.94862454850721, "complaints_clean": 3, "experience_type": "Mixed conditions" }, "geometry": { "type": "Point", "coordinates": [ -73.948265135789981, 40.774338955264014 ] } },
{ "type": "Feature", "properties": { "corridor_type": "scattered", "neighbor_count": 0, "corridor_label_clean": null, "license_type": "Roadway", "business_name": "ARTURO'S", "license_status": "Issued", "street_name": "YORK", "dist_subway_m": 453.81058921853599, "complaints_clean": 0, "experience_type": "Mixed conditions" }, "geometry": { "type": "Point", "coordinates": [ -73.947491621967998, 40.775433761381983 ] } },
{ "type": "Feature", "properties": { "corridor_type": "scattered", "neighbor_count": 0, "corridor_label_clean": "2nd Ave (Upper East Side)", "license_type": "Roadway", "business_name": "LA PECORA BIANCA", "license_status": "Issued", "street_name": "2", "dist_subway_m": 397.23161686283822, "complaints_clean": 4, "experience_type": "Mixed conditions" }, "geometry": { "type": "Point", "coordinates": [ -73.954012775837015, 40.774739391413 ] } },
{ "type": "Feature", "properties": { "corridor_type": "scattered", "neighbor_count": 0, "corridor_label_clean": null, "license_type": "Roadway", "business_name": "ANTONUCCI", "license_status": "Issued", "street_name": "81", "dist_subway_m": 345.71287011786012, "complaints_clean": 0, "experience_type": "High access, low friction" }, "geometry": { "type": "Point", "coordinates": [ -73.957091798191982, 40.775904359811008 ] } },
{ "type": "Feature", "properties": { "corridor_type": "scattered", "neighbor_count": 0, "corridor_label_clean": "2nd Ave (Upper East Side)", "license_type": "Sidewalk", "business_name": "ELIO'S", "license_status": "Issued", "street_name": "2", "dist_subway_m": 148.87449600446507, "complaints_clean": 20, "experience_type": "Mixed conditions" }, "geometry": { "type": "Point", "coordinates": [ -73.95260687884398, 40.776704064108991 ] } },
{ "type": "Feature", "properties": { "corridor_type": "scattered", "neighbor_count": 0, "corridor_label_clean": "2nd Ave (Upper East Side)", "license_type": "Sidewalk", "business_name": "HEIDELBERG", "license_status": "Issued", "street_name": "2", "dist_subway_m": 47.290152967599788, "complaints_clean": 21, "experience_type": "Mixed conditions" }, "geometry": { "type": "Point", "coordinates": [ -73.951999719240007, 40.777497045910991 ] } },
{ "type": "Feature", "properties": { "corridor_type": "scattered", "neighbor_count": 0, "corridor_label_clean": null, "license_type": "Roadway", "business_name": "HOME KITCHEN", "license_status": "Issued", "street_name": "84", "dist_subway_m": 173.56136248557246, "complaints_clean": 1, "experience_type": "High access, low friction" }, "geometry": { "type": "Point", "coordinates": [ -73.956028919778007, 40.777965268286998 ] } },
{ "type": "Feature", "properties": { "corridor_type": "scattered", "neighbor_count": 0, "corridor_label_clean": "2nd Ave (Upper East Side)", "license_type": "Roadway", "business_name": "MIDNIGHT EXPRESS DINER", "license_status": "Issued", "street_name": "2", "dist_subway_m": 220.77701308210871, "complaints_clean": 8, "experience_type": "Mixed conditions" }, "geometry": { "type": "Point", "coordinates": [ -73.950485266075987, 40.779615352945008 ] } },
{ "type": "Feature", "properties": { "corridor_type": "scattered", "neighbor_count": 0, "corridor_label_clean": null, "license_type": "Roadway", "business_name": "YASOUVLAKI", "license_status": "Issued", "street_name": "3", "dist_subway_m": 234.80442767359375, "complaints_clean": 0, "experience_type": "High access, low friction" }, "geometry": { "type": "Point", "coordinates": [ -73.952976283072985, 40.780217501487002 ] } },
{ "type": "Feature", "properties": { "corridor_type": "scattered", "neighbor_count": 0, "corridor_label_clean": null, "license_type": "Roadway", "business_name": "BOCADO CAFE", "license_status": "Issued", "street_name": "LEXINGTON", "dist_subway_m": 111.78106794667995, "complaints_clean": 0, "experience_type": "High access, low friction" }, "geometry": { "type": "Point", "coordinates": [ -73.954933246791001, 40.780366503147 ] } },
{ "type": "Feature", "properties": { "corridor_type": "scattered", "neighbor_count": 0, "corridor_label_clean": null, "license_type": "Roadway", "business_name": "BAR VIVANT", "license_status": "Issued", "street_name": "88", "dist_subway_m": 176.59954885741573, "complaints_clean": 2, "experience_type": "High access, low friction" }, "geometry": { "type": "Point", "coordinates": [ -73.953983498092981, 40.780511598307996 ] } },
{ "type": "Feature", "properties": { "corridor_type": "scattered", "neighbor_count": 0, "corridor_label_clean": null, "license_type": "Sidewalk", "business_name": "CORRADO BREAD & PASTRY", "license_status": "Issued", "street_name": "LEXINGTON", "dist_subway_m": 346.98776642056396, "complaints_clean": 0, "experience_type": "High access, low friction" }, "geometry": { "type": "Point", "coordinates": [ -73.953581500572, 40.782218673135993 ] } },
{ "type": "Feature", "properties": { "corridor_type": "scattered", "neighbor_count": 0, "corridor_label_clean": null, "license_type": "Roadway", "business_name": "ELI'S ESSENTIALS", "license_status": "Issued", "street_name": "91", "dist_subway_m": 529.77919819944998, "complaints_clean": 3, "experience_type": "Mixed conditions" }, "geometry": { "type": "Point", "coordinates": [ -73.957068332627998, 40.784267615779015 ] } },
{ "type": "Feature", "properties": { "corridor_type": "scattered", "neighbor_count": 0, "corridor_label_clean": null, "license_type": "Sidewalk", "business_name": "ISLAND", "license_status": "Issued", "street_name": "MADISON", "dist_subway_m": 407.7748191982659, "complaints_clean": 13, "experience_type": "Low access, high friction" }, "geometry": { "type": "Point", "coordinates": [ -73.955807622310004, 40.784953325549004 ] } },
{ "type": "Feature", "properties": { "corridor_type": "scattered", "neighbor_count": 0, "corridor_label_clean": null, "license_type": "Sidewalk", "business_name": "FUMO", "license_status": "Issued", "street_name": "AMSTERDAM", "dist_subway_m": 280.43846191224924, "complaints_clean": 6, "experience_type": "Mixed conditions" }, "geometry": { "type": "Point", "coordinates": [ -73.950475789991003, 40.821324544807993 ] } },
{ "type": "Feature", "properties": { "corridor_type": "scattered", "neighbor_count": 0, "corridor_label_clean": "Amsterdam Ave (Upper West Side)", "license_type": "Roadway", "business_name": "DIVE 106", "license_status": "Issued", "street_name": "AMSTERDAM", "dist_subway_m": 265.104595980059, "complaints_clean": 0, "experience_type": "High access, low friction" }, "geometry": { "type": "Point", "coordinates": [ -73.965614432775979, 40.800579800343002 ] } },
{ "type": "Feature", "properties": { "corridor_type": "scattered", "neighbor_count": 0, "corridor_label_clean": "Amsterdam Ave (Upper West Side)", "license_type": "Sidewalk", "business_name": "MARLOW BISTRO", "license_status": "Issued", "street_name": "AMSTERDAM", "dist_subway_m": 273.63463601902794, "complaints_clean": 0, "experience_type": "High access, low friction" }, "geometry": { "type": "Point", "coordinates": [ -73.963937246851003, 40.802879384567007 ] } },
{ "type": "Feature", "properties": { "corridor_type": "scattered", "neighbor_count": 0, "corridor_label_clean": null, "license_type": "Sidewalk", "business_name": "ARTS & CRAFTS BEER PARLOR", "license_status": "Issued", "street_name": "AMSTERDAM", "dist_subway_m": 276.43805800270201, "complaints_clean": 2, "experience_type": "High access, low friction" }, "geometry": { "type": "Point", "coordinates": [ -73.961124830344005, 40.806696410041006 ] } },
{ "type": "Feature", "properties": { "corridor_type": "scattered", "neighbor_count": 0, "corridor_label_clean": null, "license_type": "Roadway", "business_name": "PISTICCI RESTAURANT", "license_status": "Issued", "street_name": "LA SALLE", "dist_subway_m": 238.339897746753, "complaints_clean": 0, "experience_type": "High access, low friction" }, "geometry": { "type": "Point", "coordinates": [ -73.960361854501002, 40.814057556570006 ] } },
{ "type": "Feature", "properties": { "corridor_type": "scattered", "neighbor_count": 0, "corridor_label_clean": null, "license_type": "Roadway", "business_name": "MAMAN", "license_status": "Issued", "street_name": "25", "dist_subway_m": 234.25284155605669, "complaints_clean": 0, "experience_type": "High access, low friction" }, "geometry": { "type": "Point", "coordinates": [ -73.989963885119991, 40.743359104167993 ] } },
{ "type": "Feature", "properties": { "corridor_type": "scattered", "neighbor_count": 0, "corridor_label_clean": null, "license_type": "Sidewalk", "business_name": "ILILI RESTAURANT", "license_status": "Issued", "street_name": "5", "dist_subway_m": 166.61093957804695, "complaints_clean": 3, "experience_type": "High access, low friction" }, "geometry": { "type": "Point", "coordinates": [ -73.987636037808002, 40.744226221826992 ] } },
{ "type": "Feature", "properties": { "corridor_type": "scattered", "neighbor_count": 0, "corridor_label_clean": null, "license_type": "Roadway", "business_name": "THE GREY DOG", "license_status": "Issued", "street_name": "26", "dist_subway_m": 211.80380633134669, "complaints_clean": 0, "experience_type": "High access, low friction" }, "geometry": { "type": "Point", "coordinates": [ -73.990898399599999, 40.744588835620974 ] } },
{ "type": "Feature", "properties": { "corridor_type": "scattered", "neighbor_count": 0, "corridor_label_clean": null, "license_type": "Roadway", "business_name": "BEAR DONUT", "license_status": "Issued", "street_name": "31", "dist_subway_m": 213.7578605027465, "complaints_clean": 1, "experience_type": "High access, low friction" }, "geometry": { "type": "Point", "coordinates": [ -73.987732913442002, 40.747275662702002 ] } },
{ "type": "Feature", "properties": { "corridor_type": "scattered", "neighbor_count": 0, "corridor_label_clean": null, "license_type": "Roadway", "business_name": "FEILE", "license_status": "Issued", "street_name": "33", "dist_subway_m": 115.75427199546031, "complaints_clean": 0, "experience_type": "High access, low friction" }, "geometry": { "type": "Point", "coordinates": [ -73.989320514772004, 40.749581420927001 ] } },
{ "type": "Feature", "properties": { "corridor_type": "scattered", "neighbor_count": 0, "corridor_label_clean": null, "license_type": "Sidewalk", "business_name": "GRIND NYC COFFEE SHOP", "license_status": "Issued", "street_name": "9", "dist_subway_m": 286.74120147818564, "complaints_clean": 10, "experience_type": "Mixed conditions" }, "geometry": { "type": "Point", "coordinates": [ -73.992062322346001, 40.759188302860004 ] } },
{ "type": "Feature", "properties": { "corridor_type": "scattered", "neighbor_count": 0, "corridor_label_clean": null, "license_type": "Roadway", "business_name": "LE RIVAGE", "license_status": "Issued", "street_name": "46", "dist_subway_m": 335.66542265003454, "complaints_clean": 2, "experience_type": "High access, low friction" }, "geometry": { "type": "Point", "coordinates": [ -73.989167180685001, 40.760299693312 ] } },
{ "type": "Feature", "properties": { "corridor_type": "scattered", "neighbor_count": 0, "corridor_label_clean": null, "license_type": "Roadway", "business_name": "DUTCH FREDS", "license_status": "Issued", "street_name": "47", "dist_subway_m": 264.99428969184004, "complaints_clean": 0, "experience_type": "High access, low friction" }, "geometry": { "type": "Point", "coordinates": [ -73.988015613767999, 40.760637184114998 ] } },
{ "type": "Feature", "properties": { "corridor_type": "scattered", "neighbor_count": 0, "corridor_label_clean": null, "license_type": "Sidewalk", "business_name": "FOODANCE RESTAURANT", "license_status": "Issued", "street_name": "47", "dist_subway_m": 519.40658123960895, "complaints_clean": 0, "experience_type": "Mixed conditions" }, "geometry": { "type": "Point", "coordinates": [ -73.992134140047995, 40.762358503663002 ] } },
{ "type": "Feature", "properties": { "corridor_type": "scattered", "neighbor_count": 0, "corridor_label_clean": null, "license_type": "Sidewalk", "business_name": "ANEJO", "license_status": "Issued", "street_name": "10", "dist_subway_m": 608.09103538722411, "complaints_clean": 12, "experience_type": "Low access, high friction" }, "geometry": { "type": "Point", "coordinates": [ -73.993173733779997, 40.762773028647025 ] } },
{ "type": "Feature", "properties": { "corridor_type": "scattered", "neighbor_count": 0, "corridor_label_clean": null, "license_type": "Roadway", "business_name": "HERITAGE GRAND BAKERY, RESTAURANT & PIZZA BAR", "license_status": "Issued", "street_name": "40", "dist_subway_m": 162.65147470729076, "complaints_clean": 0, "experience_type": "High access, low friction" }, "geometry": { "type": "Point", "coordinates": [ -73.982289137443999, 40.752377462210006 ] } },
{ "type": "Feature", "properties": { "corridor_type": "scattered", "neighbor_count": 0, "corridor_label_clean": null, "license_type": "Roadway", "business_name": "VIRGIL'S BBQ", "license_status": "Issued", "street_name": "44", "dist_subway_m": 162.48635437110696, "complaints_clean": 0, "experience_type": "High access, low friction" }, "geometry": { "type": "Point", "coordinates": [ -73.984558382743003, 40.756709021073007 ] } },
{ "type": "Feature", "properties": { "corridor_type": "scattered", "neighbor_count": 0, "corridor_label_clean": null, "license_type": "Roadway", "business_name": "CARMINE'S", "license_status": "Issued", "street_name": "44", "dist_subway_m": 157.18682933053159, "complaints_clean": 1, "experience_type": "High access, low friction" }, "geometry": { "type": "Point", "coordinates": [ -73.986189751949993, 40.757398163570024 ] } },
{ "type": "Feature", "properties": { "corridor_type": "scattered", "neighbor_count": 0, "corridor_label_clean": null, "license_type": "Roadway", "business_name": "HAVANA CENTRAL", "license_status": "Issued", "street_name": "46", "dist_subway_m": 211.02983737124023, "complaints_clean": 1, "experience_type": "High access, low friction" }, "geometry": { "type": "Point", "coordinates": [ -73.983666510564987, 40.757990700134002 ] } },
{ "type": "Feature", "properties": { "corridor_type": "scattered", "neighbor_count": 0, "corridor_label_clean": null, "license_type": "Roadway", "business_name": "THE MEAN FIDDLER", "license_status": "Issued", "street_name": "47", "dist_subway_m": 204.52165217841119, "complaints_clean": 0, "experience_type": "High access, low friction" }, "geometry": { "type": "Point", "coordinates": [ -73.986557401269991, 40.760002983368004 ] } },
{ "type": "Feature", "properties": { "corridor_type": "corridor", "neighbor_count": 1, "corridor_label_clean": null, "license_type": "Sidewalk", "business_name": "FAMOUS RAY'S PIZZA", "license_status": "Issued", "street_name": "7", "dist_subway_m": 46.258618362371571, "complaints_clean": 0, "experience_type": "High access, low friction" }, "geometry": { "type": "Point", "coordinates": [ -73.983875315041999, 40.760266134670985 ] } },
{ "type": "Feature", "properties": { "corridor_type": "corridor", "neighbor_count": 1, "corridor_label_clean": null, "license_type": "Roadway", "business_name": "HURLEY'S SALOON", "license_status": "Issued", "street_name": "48", "dist_subway_m": 138.52688015148544, "complaints_clean": 4, "experience_type": "Mixed conditions" }, "geometry": { "type": "Point", "coordinates": [ -73.985622390328999, 40.760433797116008 ] } },
{ "type": "Feature", "properties": { "corridor_type": "corridor", "neighbor_count": 1, "corridor_label_clean": null, "license_type": "Roadway", "business_name": "PS KITCHEN", "license_status": "Issued", "street_name": "48", "dist_subway_m": 160.32011582873244, "complaints_clean": 4, "experience_type": "Mixed conditions" }, "geometry": { "type": "Point", "coordinates": [ -73.985849784283999, 40.760527147165995 ] } },
{ "type": "Feature", "properties": { "corridor_type": "corridor", "neighbor_count": 1, "corridor_label_clean": null, "license_type": "Roadway", "business_name": "PLAYWRIGHT CELTIC PUB", "license_status": "Issued", "street_name": "49", "dist_subway_m": 73.325197683989842, "complaints_clean": 2, "experience_type": "High access, low friction" }, "geometry": { "type": "Point", "coordinates": [ -73.983990757675997, 40.76055160571098 ] } },
{ "type": "Feature", "properties": { "corridor_type": "scattered", "neighbor_count": 0, "corridor_label_clean": null, "license_type": "Roadway", "business_name": "OSTERIA DELBIANCO BRYANT PARK", "license_status": "Issued", "street_name": "41", "dist_subway_m": 113.57548914496685, "complaints_clean": 0, "experience_type": "High access, low friction" }, "geometry": { "type": "Point", "coordinates": [ -73.980448381944996, 40.752410100451989 ] } },
{ "type": "Feature", "properties": { "corridor_type": "scattered", "neighbor_count": 0, "corridor_label_clean": null, "license_type": "Roadway", "business_name": "VANDERBILT BAR & GRILL", "license_status": "Issued", "street_name": "PARK", "dist_subway_m": 311.92926864559212, "complaints_clean": 0, "experience_type": "High access, low friction" }, "geometry": { "type": "Point", "coordinates": [ -73.975950427165003, 40.75450075314 ] } },
{ "type": "Feature", "properties": { "corridor_type": "scattered", "neighbor_count": 0, "corridor_label_clean": null, "license_type": "Roadway", "business_name": "KELLARI TAVERNA", "license_status": "Issued", "street_name": "44", "dist_subway_m": 176.84725756127298, "complaints_clean": 0, "experience_type": "High access, low friction" }, "geometry": { "type": "Point", "coordinates": [ -73.980830174020014, 40.755160414448 ] } },
{ "type": "Feature", "properties": { "corridor_type": "scattered", "neighbor_count": 0, "corridor_label_clean": null, "license_type": "Roadway", "business_name": "ST. PATRICK'S BAR AND GRILL", "license_status": "Issued", "street_name": "46", "dist_subway_m": 273.97806573299169, "complaints_clean": 0, "experience_type": "High access, low friction" }, "geometry": { "type": "Point", "coordinates": [ -73.979985181941998, 40.756417370065989 ] } },
{ "type": "Feature", "properties": { "corridor_type": "scattered", "neighbor_count": 0, "corridor_label_clean": null, "license_type": "Roadway", "business_name": "THE ELGIN", "license_status": "Issued", "street_name": "48", "dist_subway_m": 92.188741900154199, "complaints_clean": 1, "experience_type": "High access, low friction" }, "geometry": { "type": "Point", "coordinates": [ -73.980396131806003, 40.75823172684602 ] } },
{ "type": "Feature", "properties": { "corridor_type": "scattered", "neighbor_count": 0, "corridor_label_clean": null, "license_type": "Sidewalk", "business_name": "FACES & NAMES", "license_status": "Issued", "street_name": "54", "dist_subway_m": 90.872657334421831, "complaints_clean": 0, "experience_type": "High access, low friction" }, "geometry": { "type": "Point", "coordinates": [ -73.980726745471998, 40.763298606810004 ] } },
{ "type": "Feature", "properties": { "corridor_type": "scattered", "neighbor_count": 0, "corridor_label_clean": null, "license_type": "Sidewalk", "business_name": "a.CAFE/ a. LOUNGE", "license_status": "Issued", "street_name": "58", "dist_subway_m": 163.56832326229093, "complaints_clean": 1, "experience_type": "High access, low friction" }, "geometry": { "type": "Point", "coordinates": [ -73.975188764416998, 40.764354274867003 ] } },
{ "type": "Feature", "properties": { "corridor_type": "scattered", "neighbor_count": 0, "corridor_label_clean": null, "license_type": "Roadway", "business_name": "SOUVLAKI GR MIDTOWN", "license_status": "Issued", "street_name": "56", "dist_subway_m": 65.586604643678626, "complaints_clean": 1, "experience_type": "High access, low friction" }, "geometry": { "type": "Point", "coordinates": [ -73.979892475195001, 40.764563796929977 ] } },
{ "type": "Feature", "properties": { "corridor_type": "scattered", "neighbor_count": 0, "corridor_label_clean": null, "license_type": "Sidewalk", "business_name": "GABRIEL'S BAR & RESTAURANT", "license_status": "Issued", "street_name": "CENTRAL", "dist_subway_m": 132.05274413587409, "complaints_clean": 1, "experience_type": "High access, low friction" }, "geometry": { "type": "Point", "coordinates": [ -73.974870813753, 40.765078821656999 ] } },
{ "type": "Feature", "properties": { "corridor_type": "scattered", "neighbor_count": 0, "corridor_label_clean": null, "license_type": "Roadway", "business_name": "PASTA LOUISE", "license_status": "Issued", "street_name": "8", "dist_subway_m": 138.79229567221296, "complaints_clean": 0, "experience_type": "High access, low friction" }, "geometry": { "type": "Point", "coordinates": [ -73.986784542495997, 40.761364409896998 ] } },
{ "type": "Feature", "properties": { "corridor_type": "scattered", "neighbor_count": 0, "corridor_label_clean": null, "license_type": "Roadway", "business_name": "MCHALE'S BAR & GRILL", "license_status": "Issued", "street_name": "51", "dist_subway_m": 103.27704059812568, "complaints_clean": 0, "experience_type": "High access, low friction" }, "geometry": { "type": "Point", "coordinates": [ -73.984585920741992, 40.762470273155017 ] } },
{ "type": "Feature", "properties": { "corridor_type": "scattered", "neighbor_count": 0, "corridor_label_clean": null, "license_type": "Roadway", "business_name": "DOLLY VARDEN", "license_status": "Issued", "street_name": "51", "dist_subway_m": 63.82320395577689, "complaints_clean": 0, "experience_type": "High access, low friction" }, "geometry": { "type": "Point", "coordinates": [ -73.98595754696899, 40.763030379787004 ] } },
{ "type": "Feature", "properties": { "corridor_type": "scattered", "neighbor_count": 0, "corridor_label_clean": null, "license_type": "Roadway", "business_name": "ANGELO'S PIZZA", "license_status": "Issued", "street_name": "BROADWAY", "dist_subway_m": 124.8067011876079, "complaints_clean": 1, "experience_type": "High access, low friction" }, "geometry": { "type": "Point", "coordinates": [ -73.982665164747985, 40.763669458260992 ] } },
{ "type": "Feature", "properties": { "corridor_type": "scattered", "neighbor_count": 0, "corridor_label_clean": null, "license_type": "Roadway", "business_name": "ALFIE'S", "license_status": "Issued", "street_name": "9", "dist_subway_m": 356.19729149972414, "complaints_clean": 21, "experience_type": "Mixed conditions" }, "geometry": { "type": "Point", "coordinates": [ -73.987502122269987, 40.765448689729965 ] } },
{ "type": "Feature", "properties": { "corridor_type": "scattered", "neighbor_count": 0, "corridor_label_clean": null, "license_type": "Roadway", "business_name": "JOE G RESTAURANT (DA VINCI HOTEL)", "license_status": "Issued", "street_name": "56", "dist_subway_m": 190.70650287878178, "complaints_clean": 6, "experience_type": "Mixed conditions" }, "geometry": { "type": "Point", "coordinates": [ -73.982498583522002, 40.76565938209901 ] } },
{ "type": "Feature", "properties": { "corridor_type": "scattered", "neighbor_count": 0, "corridor_label_clean": null, "license_type": "Sidewalk", "business_name": "RISE BAR", "license_status": "Issued", "street_name": "9", "dist_subway_m": 391.49567970596974, "complaints_clean": 2, "experience_type": "High access, low friction" }, "geometry": { "type": "Point", "coordinates": [ -73.986314085955001, 40.767100897914013 ] } },
{ "type": "Feature", "properties": { "corridor_type": "corridor", "neighbor_count": 1, "corridor_label_clean": null, "license_type": "Roadway", "business_name": "ALL & SUNDRY", "license_status": "Issued", "street_name": "58", "dist_subway_m": 110.26436469484237, "complaints_clean": 1, "experience_type": "High access, low friction" }, "geometry": { "type": "Point", "coordinates": [ -73.982934894249993, 40.767613714727005 ] } },
{ "type": "Feature", "properties": { "corridor_type": "scattered", "neighbor_count": 0, "corridor_label_clean": null, "license_type": "Roadway", "business_name": "JASPER'S TAPHOUSE & KITCHEN", "license_status": "Issued", "street_name": "9", "dist_subway_m": 284.94573084290306, "complaints_clean": 7, "experience_type": "Mixed conditions" }, "geometry": { "type": "Point", "coordinates": [ -73.988401226584003, 40.764246580406009 ] } },
{ "type": "Feature", "properties": { "corridor_type": "scattered", "neighbor_count": 0, "corridor_label_clean": null, "license_type": "Roadway", "business_name": "THE RED STACHE", "license_status": "Issued", "street_name": "52", "dist_subway_m": 343.77979792463469, "complaints_clean": 0, "experience_type": "High access, low friction" }, "geometry": { "type": "Point", "coordinates": [ -73.988455259316993, 40.764916306658009 ] } },
{ "type": "Feature", "properties": { "corridor_type": "scattered", "neighbor_count": 0, "corridor_label_clean": null, "license_type": "Sidewalk", "business_name": "FRENA", "license_status": "Issued", "street_name": "10", "dist_subway_m": 570.92866193995644, "complaints_clean": 0, "experience_type": "Mixed conditions" }, "geometry": { "type": "Point", "coordinates": [ -73.990779929652007, 40.766080293994008 ] } },
{ "type": "Feature", "properties": { "corridor_type": "scattered", "neighbor_count": 0, "corridor_label_clean": null, "license_type": "Sidewalk", "business_name": "GARDENIA TERRACE", "license_status": "Issued", "street_name": "10", "dist_subway_m": 650.53480754165207, "complaints_clean": 1, "experience_type": "Mixed conditions" }, "geometry": { "type": "Point", "coordinates": [ -73.989635303786002, 40.767614515400993 ] } },
{ "type": "Feature", "properties": { "corridor_type": "corridor", "neighbor_count": 1, "corridor_label_clean": null, "license_type": "Roadway", "business_name": "BROAD NOSH BAGELS", "license_status": "Issued", "street_name": "58", "dist_subway_m": 112.08933176271869, "complaints_clean": 1, "experience_type": "High access, low friction" }, "geometry": { "type": "Point", "coordinates": [ -73.98298543049998, 40.767635680283 ] } },
{ "type": "Feature", "properties": { "corridor_type": "scattered", "neighbor_count": 0, "corridor_label_clean": null, "license_type": "Roadway", "business_name": "MASSERIA DEI VINI", "license_status": "Issued", "street_name": "9", "dist_subway_m": 295.92749150287563, "complaints_clean": 1, "experience_type": "High access, low friction" }, "geometry": { "type": "Point", "coordinates": [ -73.985432953588983, 40.768313971893988 ] } },
{ "type": "Feature", "properties": { "corridor_type": "scattered", "neighbor_count": 0, "corridor_label_clean": null, "license_type": "Roadway", "business_name": "P.J. CLARKE'S", "license_status": "Issued", "street_name": "63", "dist_subway_m": 217.62463088757869, "complaints_clean": 7, "experience_type": "Mixed conditions" }, "geometry": { "type": "Point", "coordinates": [ -73.982414008302982, 40.771486487080999 ] } },
{ "type": "Feature", "properties": { "corridor_type": "scattered", "neighbor_count": 0, "corridor_label_clean": "Amsterdam Ave (Upper West Side)", "license_type": "Sidewalk", "business_name": "CAFE LUXEMBOURG", "license_status": "Issued", "street_name": "70", "dist_subway_m": 138.48260414173927, "complaints_clean": 3, "experience_type": "High access, low friction" }, "geometry": { "type": "Point", "coordinates": [ -73.982676038221982, 40.777327365479017 ] } },
{ "type": "Feature", "properties": { "corridor_type": "scattered", "neighbor_count": 0, "corridor_label_clean": "Columbus Ave (Upper West Side)", "license_type": "Roadway", "business_name": "MAMAN", "license_status": "Issued", "street_name": "COLUMBUS", "dist_subway_m": 99.481886053206992, "complaints_clean": 0, "experience_type": "High access, low friction" }, "geometry": { "type": "Point", "coordinates": [ -73.981286872189003, 40.773997760035009 ] } },
{ "type": "Feature", "properties": { "corridor_type": "scattered", "neighbor_count": 0, "corridor_label_clean": "Columbus Ave (Upper West Side)", "license_type": "Roadway", "business_name": "THE MIGRANT KITCHEN", "license_status": "Issued", "street_name": "COLUMBUS", "dist_subway_m": 138.29614576292425, "complaints_clean": 0, "experience_type": "High access, low friction" }, "geometry": { "type": "Point", "coordinates": [ -73.981037659501993, 40.774310621208997 ] } },
{ "type": "Feature", "properties": { "corridor_type": "scattered", "neighbor_count": 0, "corridor_label_clean": "Columbus Ave (Upper West Side)", "license_type": "Sidewalk", "business_name": "EMPIRE SZECHUAN KYOTO", "license_status": "Issued", "street_name": "COLUMBUS", "dist_subway_m": 252.06181438326422, "complaints_clean": 0, "experience_type": "High access, low friction" }, "geometry": { "type": "Point", "coordinates": [ -73.980373055667997, 40.775230002378017 ] } },
{ "type": "Feature", "properties": { "corridor_type": "scattered", "neighbor_count": 0, "corridor_label_clean": "Columbus Ave (Upper West Side)", "license_type": "Roadway", "business_name": "EL MITOTE", "license_status": "Issued", "street_name": "COLUMBUS", "dist_subway_m": 302.73471879812217, "complaints_clean": 4, "experience_type": "Mixed conditions" }, "geometry": { "type": "Point", "coordinates": [ -73.979986557182002, 40.77579261035401 ] } },
{ "type": "Feature", "properties": { "corridor_type": "scattered", "neighbor_count": 0, "corridor_label_clean": "Columbus Ave (Upper West Side)", "license_type": "Sidewalk", "business_name": "MANNY'S BISTRO", "license_status": "Issued", "street_name": "COLUMBUS", "dist_subway_m": 279.86105768403507, "complaints_clean": 20, "experience_type": "Mixed conditions" }, "geometry": { "type": "Point", "coordinates": [ -73.979596461789995, 40.776289342251985 ] } },
{ "type": "Feature", "properties": { "corridor_type": "scattered", "neighbor_count": 0, "corridor_label_clean": "Columbus Ave (Upper West Side)", "license_type": "Roadway", "business_name": "SANTA FE", "license_status": "Issued", "street_name": "71", "dist_subway_m": 209.42033368639707, "complaints_clean": 20, "experience_type": "Mixed conditions" }, "geometry": { "type": "Point", "coordinates": [ -73.978621546726004, 40.776448360581007 ] } },
{ "type": "Feature", "properties": { "corridor_type": "scattered", "neighbor_count": 0, "corridor_label_clean": "Columbus Ave (Upper West Side)", "license_type": "Roadway", "business_name": "FELICE", "license_status": "Issued", "street_name": "COLUMBUS", "dist_subway_m": 273.81621382684227, "complaints_clean": 15, "experience_type": "Mixed conditions" }, "geometry": { "type": "Point", "coordinates": [ -73.979220791054004, 40.776824501976023 ] } },
{ "type": "Feature", "properties": { "corridor_type": "scattered", "neighbor_count": 0, "corridor_label_clean": "Columbus Ave (Upper West Side)", "license_type": "Roadway", "business_name": "PATSY'S PIZZERIA", "license_status": "Issued", "street_name": "74", "dist_subway_m": 292.63742963093125, "complaints_clean": 0, "experience_type": "High access, low friction" }, "geometry": { "type": "Point", "coordinates": [ -73.976631472177004, 40.778223828693989 ] } },
{ "type": "Feature", "properties": { "corridor_type": "scattered", "neighbor_count": 0, "corridor_label_clean": "Columbus Ave (Upper West Side)", "license_type": "Roadway", "business_name": "LEYLA", "license_status": "Issued", "street_name": "74", "dist_subway_m": 316.75751151804894, "complaints_clean": 2, "experience_type": "High access, low friction" }, "geometry": { "type": "Point", "coordinates": [ -73.978263293553979, 40.778896614003003 ] } },
{ "type": "Feature", "properties": { "corridor_type": "scattered", "neighbor_count": 0, "corridor_label_clean": "Amsterdam Ave (Upper West Side)", "license_type": "Roadway", "business_name": "MADE IN NEW YORK PIZZA", "license_status": "Issued", "street_name": "AMSTERDAM", "dist_subway_m": 83.861279445437063, "complaints_clean": 0, "experience_type": "High access, low friction" }, "geometry": { "type": "Point", "coordinates": [ -73.981310731226984, 40.779017919772997 ] } },
{ "type": "Feature", "properties": { "corridor_type": "corridor", "neighbor_count": 1, "corridor_label_clean": "Columbus Ave (Upper West Side)", "license_type": "Roadway", "business_name": "PARLA", "license_status": "Issued", "street_name": "COLUMBUS", "dist_subway_m": 409.15419446994792, "complaints_clean": 21, "experience_type": "Low access, high friction" }, "geometry": { "type": "Point", "coordinates": [ -73.977306253657986, 40.779456358561006 ] } },
{ "type": "Feature", "properties": { "corridor_type": "scattered", "neighbor_count": 0, "corridor_label_clean": "Amsterdam Ave (Upper West Side)", "license_type": "Roadway", "business_name": "SALUMERIA ROSI", "license_status": "Issued", "street_name": "AMSTERDAM", "dist_subway_m": 140.52543266583626, "complaints_clean": 4, "experience_type": "Mixed conditions" }, "geometry": { "type": "Point", "coordinates": [ -73.980985632664016, 40.779473495502017 ] } },
{ "type": "Feature", "properties": { "corridor_type": "corridor", "neighbor_count": 1, "corridor_label_clean": "Columbus Ave (Upper West Side)", "license_type": "Roadway", "business_name": "DIVE 75", "license_status": "Issued", "street_name": "75", "dist_subway_m": 378.27448610858079, "complaints_clean": 8, "experience_type": "Mixed conditions" }, "geometry": { "type": "Point", "coordinates": [ -73.977710642448002, 40.779511332866996 ] } },
{ "type": "Feature", "properties": { "corridor_type": "scattered", "neighbor_count": 0, "corridor_label_clean": "Amsterdam Ave (Upper West Side)", "license_type": "Sidewalk", "business_name": "MIRIAM", "license_status": "Issued", "street_name": "AMSTERDAM", "dist_subway_m": 229.76330142936763, "complaints_clean": 7, "experience_type": "Mixed conditions" }, "geometry": { "type": "Point", "coordinates": [ -73.980490745123987, 40.780189793146 ] } },
{ "type": "Feature", "properties": { "corridor_type": "scattered", "neighbor_count": 0, "corridor_label_clean": "Columbus Ave (Upper West Side)", "license_type": "Roadway", "business_name": "LA PECORA BIANCA", "license_status": "Issued", "street_name": "COLUMBUS", "dist_subway_m": 380.24041632510472, "complaints_clean": 9, "experience_type": "Mixed conditions" }, "geometry": { "type": "Point", "coordinates": [ -73.976489835308982, 40.780534882409 ] } },
{ "type": "Feature", "properties": { "corridor_type": "scattered", "neighbor_count": 0, "corridor_label_clean": "Amsterdam Ave (Upper West Side)", "license_type": "Roadway", "business_name": "THE OWL'S TAIL", "license_status": "Issued", "street_name": "75", "dist_subway_m": 279.95562294688131, "complaints_clean": 5, "experience_type": "Mixed conditions" }, "geometry": { "type": "Point", "coordinates": [ -73.980793874295998, 40.780810158530024 ] } },
{ "type": "Feature", "properties": { "corridor_type": "corridor", "neighbor_count": 1, "corridor_label_clean": "Amsterdam Ave (Upper West Side)", "license_type": "Sidewalk", "business_name": "CHAMA MAMA", "license_status": "Issued", "street_name": "AMSTERDAM", "dist_subway_m": 199.06131969142902, "complaints_clean": 3, "experience_type": "High access, low friction" }, "geometry": { "type": "Point", "coordinates": [ -73.978922976443997, 40.782308465483993 ] } },
{ "type": "Feature", "properties": { "corridor_type": "corridor", "neighbor_count": 1, "corridor_label_clean": "Amsterdam Ave (Upper West Side)", "license_type": "Roadway", "business_name": "DAILY PROVISIONS", "license_status": "Issued", "street_name": "AMSTERDAM", "dist_subway_m": 195.16518385879485, "complaints_clean": 4, "experience_type": "Mixed conditions" }, "geometry": { "type": "Point", "coordinates": [ -73.978879627755006, 40.782363352574976 ] } },
{ "type": "Feature", "properties": { "corridor_type": "scattered", "neighbor_count": 0, "corridor_label_clean": null, "license_type": "Roadway", "business_name": "BAR ITALIA", "license_status": "Issued", "street_name": "MADISON", "dist_subway_m": 378.03576395572685, "complaints_clean": 2, "experience_type": "High access, low friction" }, "geometry": { "type": "Point", "coordinates": [ -73.968328188870984, 40.767824704469007 ] } },
{ "type": "Feature", "properties": { "corridor_type": "scattered", "neighbor_count": 0, "corridor_label_clean": null, "license_type": "Roadway", "business_name": "E.J'S LUNCHEONETTE", "license_status": "Issued", "street_name": "3", "dist_subway_m": 236.8916028479361, "complaints_clean": 4, "experience_type": "Mixed conditions" }, "geometry": { "type": "Point", "coordinates": [ -73.959994317764995, 40.770566858666996 ] } },
{ "type": "Feature", "properties": { "corridor_type": "scattered", "neighbor_count": 0, "corridor_label_clean": null, "license_type": "Sidewalk", "business_name": "THEBUSINESS OF HOSPITALITY LLC", "license_status": "Issued", "street_name": "LEXINGTON", "dist_subway_m": 333.00891700609515, "complaints_clean": 0, "experience_type": "High access, low friction" }, "geometry": { "type": "Point", "coordinates": [ -73.961795605141987, 40.771001143830993 ] } },
{ "type": "Feature", "properties": { "corridor_type": "corridor", "neighbor_count": 1, "corridor_label_clean": "Columbus Ave (Upper West Side)", "license_type": "Roadway", "business_name": "MOTORINO", "license_status": "Issued", "street_name": "COLUMBUS", "dist_subway_m": 338.19579620328579, "complaints_clean": 14, "experience_type": "Mixed conditions" }, "geometry": { "type": "Point", "coordinates": [ -73.972895018485985, 40.785510326739995 ] } },
{ "type": "Feature", "properties": { "corridor_type": "corridor", "neighbor_count": 1, "corridor_label_clean": "Columbus Ave (Upper West Side)", "license_type": "Roadway", "business_name": "COTTA", "license_status": "Issued", "street_name": "COLUMBUS", "dist_subway_m": 329.56954424596915, "complaints_clean": 7, "experience_type": "Mixed conditions" }, "geometry": { "type": "Point", "coordinates": [ -73.972804703636982, 40.785600882201997 ] } },
{ "type": "Feature", "properties": { "corridor_type": "scattered", "neighbor_count": 0, "corridor_label_clean": "Columbus Ave (Upper West Side)", "license_type": "Sidewalk", "business_name": "BELLA LUNA", "license_status": "Issued", "street_name": "COLUMBUS", "dist_subway_m": 283.92527445905733, "complaints_clean": 1, "experience_type": "High access, low friction" }, "geometry": { "type": "Point", "coordinates": [ -73.971334096733003, 40.787645364564007 ] } },
{ "type": "Feature", "properties": { "corridor_type": "scattered", "neighbor_count": 0, "corridor_label_clean": "Columbus Ave (Upper West Side)", "license_type": "Sidewalk", "business_name": "PICKY BARISTA", "license_status": "Issued", "street_name": "COLUMBUS", "dist_subway_m": 372.52153608562384, "complaints_clean": 0, "experience_type": "High access, low friction" }, "geometry": { "type": "Point", "coordinates": [ -73.968978089057003, 40.790828663519008 ] } },
{ "type": "Feature", "properties": { "corridor_type": "scattered", "neighbor_count": 0, "corridor_label_clean": "Amsterdam Ave (Upper West Side)", "license_type": "Sidewalk", "business_name": "TALIA'S STEAKHOUSE", "license_status": "Issued", "street_name": "AMSTERDAM", "dist_subway_m": 231.235124907695, "complaints_clean": 6, "experience_type": "Mixed conditions" }, "geometry": { "type": "Point", "coordinates": [ -73.971978728215987, 40.791853227041003 ] } },
{ "type": "Feature", "properties": { "corridor_type": "scattered", "neighbor_count": 0, "corridor_label_clean": "Amsterdam Ave (Upper West Side)", "license_type": "Sidewalk", "business_name": "ARCO CAFE", "license_status": "Issued", "street_name": "AMSTERDAM", "dist_subway_m": 143.21802941303744, "complaints_clean": 0, "experience_type": "High access, low friction" }, "geometry": { "type": "Point", "coordinates": [ -73.966955373482008, 40.798743957381987 ] } },
{ "type": "Feature", "properties": { "corridor_type": "scattered", "neighbor_count": 0, "corridor_label_clean": null, "license_type": "Roadway", "business_name": "CAFE DU SOLEIL", "license_status": "Issued", "street_name": "104", "dist_subway_m": 68.256875536724678, "complaints_clean": 0, "experience_type": "High access, low friction" }, "geometry": { "type": "Point", "coordinates": [ -73.968717351712996, 40.800004290458972 ] } },
{ "type": "Feature", "properties": { "corridor_type": "corridor", "neighbor_count": 1, "corridor_label_clean": "Amsterdam Ave (Upper West Side)", "license_type": "Roadway", "business_name": "LA SIRENE UWS", "license_status": "Issued", "street_name": "AMSTERDAM", "dist_subway_m": 170.8770046818419, "complaints_clean": 2, "experience_type": "High access, low friction" }, "geometry": { "type": "Point", "coordinates": [ -73.977911443232003, 40.783724567735 ] } },
{ "type": "Feature", "properties": { "corridor_type": "corridor", "neighbor_count": 4, "corridor_label_clean": "Amsterdam Ave (Upper West Side)", "license_type": "Roadway", "business_name": "MADE IN NEW YORK PIZZA", "license_status": "Issued", "street_name": "AMSTERDAM", "dist_subway_m": 186.07609158547189, "complaints_clean": 8, "experience_type": "Mixed conditions" }, "geometry": { "type": "Point", "coordinates": [ -73.977712759218988, 40.783957833302004 ] } },
{ "type": "Feature", "properties": { "corridor_type": "corridor", "neighbor_count": 3, "corridor_label_clean": "Amsterdam Ave (Upper West Side)", "license_type": "Sidewalk", "business_name": "THE WOLFE", "license_status": "Issued", "street_name": "AMSTERDAM", "dist_subway_m": 191.66283078417192, "complaints_clean": 15, "experience_type": "Mixed conditions" }, "geometry": { "type": "Point", "coordinates": [ -73.977651341292997, 40.784048398195004 ] } },
{ "type": "Feature", "properties": { "corridor_type": "corridor", "neighbor_count": 3, "corridor_label_clean": "Amsterdam Ave (Upper West Side)", "license_type": "Roadway", "business_name": "MOMOYA", "license_status": "Issued", "street_name": "AMSTERDAM", "dist_subway_m": 194.7807189007396, "complaints_clean": 15, "experience_type": "Mixed conditions" }, "geometry": { "type": "Point", "coordinates": [ -73.977618827214002, 40.784092307900004 ] } },
{ "type": "Feature", "properties": { "corridor_type": "corridor", "neighbor_count": 3, "corridor_label_clean": "Amsterdam Ave (Upper West Side)", "license_type": "Roadway", "business_name": "MAMAN", "license_status": "Issued", "street_name": "AMSTERDAM", "dist_subway_m": 216.92281780387117, "complaints_clean": 11, "experience_type": "Mixed conditions" }, "geometry": { "type": "Point", "coordinates": [ -73.977365323331995, 40.784166292653012 ] } },
{ "type": "Feature", "properties": { "corridor_type": "scattered", "neighbor_count": 0, "corridor_label_clean": "Amsterdam Ave (Upper West Side)", "license_type": "Roadway", "business_name": "THE DEAD POET", "license_status": "Issued", "street_name": "AMSTERDAM", "dist_subway_m": 259.40246130040731, "complaints_clean": 4, "experience_type": "Mixed conditions" }, "geometry": { "type": "Point", "coordinates": [ -73.977091354050998, 40.784852500265998 ] } },
{ "type": "Feature", "properties": { "corridor_type": "scattered", "neighbor_count": 0, "corridor_label_clean": "Columbus Ave (Upper West Side)", "license_type": "Roadway", "business_name": "NOI DUE CAFE", "license_status": "Issued", "street_name": "COLUMBUS", "dist_subway_m": 385.15071148416558, "complaints_clean": 15, "experience_type": "Mixed conditions" }, "geometry": { "type": "Point", "coordinates": [ -73.97330331347699, 40.784914811178005 ] } },
{ "type": "Feature", "properties": { "corridor_type": "scattered", "neighbor_count": 0, "corridor_label_clean": "Amsterdam Ave (Upper West Side)", "license_type": "Roadway", "business_name": "WESTVILLE", "license_status": "Issued", "street_name": "BROADWAY", "dist_subway_m": 282.0898229910772, "complaints_clean": 3, "experience_type": "High access, low friction" }, "geometry": { "type": "Point", "coordinates": [ -73.978253698288, 40.786137270312004 ] } },
{ "type": "Feature", "properties": { "corridor_type": "scattered", "neighbor_count": 0, "corridor_label_clean": "Amsterdam Ave (Upper West Side)", "license_type": "Roadway", "business_name": "CELESTE", "license_status": "Issued", "street_name": "AMSTERDAM", "dist_subway_m": 234.74300577230247, "complaints_clean": 13, "experience_type": "Mixed conditions" }, "geometry": { "type": "Point", "coordinates": [ -73.975852138568996, 40.786548503077007 ] } },
{ "type": "Feature", "properties": { "corridor_type": "scattered", "neighbor_count": 0, "corridor_label_clean": "Amsterdam Ave (Upper West Side)", "license_type": "Sidewalk", "business_name": "ELEA", "license_status": "Issued", "street_name": "85", "dist_subway_m": 149.48989586143483, "complaints_clean": 3, "experience_type": "High access, low friction" }, "geometry": { "type": "Point", "coordinates": [ -73.976202152710997, 40.787297893390978 ] } },
{ "type": "Feature", "properties": { "corridor_type": "scattered", "neighbor_count": 0, "corridor_label_clean": "Amsterdam Ave (Upper West Side)", "license_type": "Roadway", "business_name": "FRENCH ROAST", "license_status": "Issued", "street_name": "85", "dist_subway_m": 126.77650616116509, "complaints_clean": 0, "experience_type": "High access, low friction" }, "geometry": { "type": "Point", "coordinates": [ -73.97702176424599, 40.787679580830002 ] } },
{ "type": "Feature", "properties": { "corridor_type": "scattered", "neighbor_count": 0, "corridor_label_clean": "Amsterdam Ave (Upper West Side)", "license_type": "Sidewalk", "business_name": "THE GRANOLA BAR", "license_status": "Issued", "street_name": "AMSTERDAM", "dist_subway_m": 141.70060545518783, "complaints_clean": 6, "experience_type": "Mixed conditions" }, "geometry": { "type": "Point", "coordinates": [ -73.974724878768001, 40.788060618602017 ] } },
{ "type": "Feature", "properties": { "corridor_type": "scattered", "neighbor_count": 0, "corridor_label_clean": "Amsterdam Ave (Upper West Side)", "license_type": "Roadway", "business_name": "DAGON", "license_status": "Issued", "street_name": "91", "dist_subway_m": 325.32249375392473, "complaints_clean": 1, "experience_type": "High access, low friction" }, "geometry": { "type": "Point", "coordinates": [ -73.973940226236991, 40.791259771581004 ] } },
{ "type": "Feature", "properties": { "corridor_type": "scattered", "neighbor_count": 0, "corridor_label_clean": null, "license_type": "Sidewalk", "business_name": "AT THE WALLACE", "license_status": "Issued", "street_name": "BROADWAY", "dist_subway_m": 276.55650491070014, "complaints_clean": 0, "experience_type": "High access, low friction" }, "geometry": { "type": "Point", "coordinates": [ -73.948757479918001, 40.828723613900983 ] } }
]
}
